restaurant_name,category,business_hours,tags,restaurant_info,restaurant_facility,restaurant_introduction,total_reviews,overall_rating,menu_info,all_reviews,review_match
낭만화로구이,"육류,고기","월,화,목,금,토,일17:00 ~ 22:00","#제로페이, 더보기",예약가능,주차,정보 없음,34,4.6점,"명:흑돼지 오겹, 가격: 20,000 | 명:흑돼지 목살, 가격: 20,000 | 명:돈 모듬, 가격: 15,000 | 명:제주생갈비, 가격: 17,000 | 명:소갈비살, 가격: 17,000 | 명:비빔/물냉면, 가격: 6,000","2024.09.19.: 남원가면 꼭 들르고싶은 고깃집!예약제라 미리 전화는 필수입니다기본찬들 깔끔하고 궁채ㆍ명이 장아찌들이맛있습니다양념고기류도 맛있고생갈비 맛있게 먹었습니다 | 2024.09.01.: 남원에서 맛으로는 최고임. 일단 밑반찬도 다른 곳보다 잘 나와서 좋음. 분위기는 항상 사람 많아서 시끌벅적한데 직원들이 때문에 불편함 겪은적 없어서 마음에듬. 요즘은 어이 없게도 손님이 직원 눈치보는 식당들이 많아서 이런 곳은 대환영임 | 2024.08.08.: 고기 깔끔하고 반찬 깔끔하네요 된장국도 맛있어요 | 2024.08.04.:  | 2024.06.22.: 리조트주변에서 그래도 괜찮아보이는 집 찾다 간건데고기도 맛있고 찬도 깔끔하고일하시는분들도 친절해서나중에 또 오고싶은 가게. | 2024.06.08.: 제가 여러 고깃집을 다녀왔었지만 여기만큼 서비스 좋고 맛있는집은 단언컨대 여기말곤 아무곳도 없었습니다. 여기 진심 강력 추천드립니다! | 2024.02.24.: 주변 고기집중에 제일 깔끔하고 제주 여행와서 먹었던 고기 중에 상태는 최상이였던거 같아요반찬도 딱 필요한것들로만 구성되었고 양도 넉넉해서 너무 만족하고 갑니다된장찌개랑 냉면까지 어느하나 부족한게 없었어요꼭 같이 시켜서 드세요 추천 ^^ | 2024.02.16.:  | 2023.12.22.:  | 2023.12.15.: 남원읍 숙소가 바로앞이라서 방문했습니다. 흑돼지오겹살이 신선하고 정말맛있고 직원분들도 친절합니다. 남원쪽이 숙소라면 정말 추천드립니다. 된장찌개에 무우가 들어가서 색다르게 시원하게 술술 넘어가네요.그리고 지갑을 두고 와서 비행기를 타버렸는데 친절히 보관해놓으시고 우편으로 보내주셨습니다. 감사합니다. | 2023.12.14.: 기대0  만족도100 | 2023.12.12.: 남원읍에서 고기 괜찮은 집 없다고 보면 된니더 | 2023.12.09.:  | 2023.12.07.:  | 2023.09.26.: 고기 무난하고 밑반찬이 맛있음 | 2023.09.12.: 학 진짜 쫄깃하고 너무 맛있습니다 🧡🧡제주도 흑돼지는 정말 여기가 최고인 것 같네여 😋다음에 또 간다면 모둠으로 전부 시킬것입니다 하 ㅜ 넘 마싯었아요!!! | 2023.05.28.: 맛있어요 친절하시고 고기 쫄깃탱글 1인분 200g이라 푸짐 | 2023.02.16.: 고기는 물론 밑반찬들도 맛있어요. 무엇보다 엄청 친절하세요 | 2023.02.04.: 맛최고 분위기최고알바아님요 | 2023.01.14.: 펜션 사장님이 추천 해주셔서 갔는데 찐맛집이에요😭고기도 맛있고 반찬이 명이,파채,양파,궁채 나오는데 쌍추랑 깻잎도 싱싱하고 깨긋하고 반찬들이 다 너무 맛있어요 👍  된장찌게도 사진엔 없는데 진짜 맛있었어요 ㅎㅎ | 2022.09.02.: 고기뿐아니라 밑반찬도 실하고, 전반적으로 맛들이 아주 깔끔했음.후식으로는 비빔냉면이 특히 괜찮음(면이 꼬들꼬들)천원짜리 공기밥 시키면 같이 나오는 된장찌개도 맛이 괜찮음.찾아와서 먹을 정도는 아니지만, 주변에 숙소가 있거나 들릴 일이 있다면 술한잔 하면서 먹기에 아주 좋은 곳! | 2022.07.22.: 한달살기하면서 고기집 여러곳 다녀봤지만 이근처에서 여기가 맛은 최고입니다 | 2022.02.07.: 환기도 안되고 시끄럽고. 아이를 데려가면 인상부터 쓰는 한심한 식당. 아래 댓글들은 전부 알바인듯. | 2022.01.22.: 고기가 아주맛있어요!!! | 2022.01.21.: (고기도 맛있지만) 냉면맛집인듯! | 2021.08.01.: 제주도에서 제일 맛있는 고기집.  창가에 앉으면 바다 조망도 최고. 가격까지 착해서 좋은데 냉면 국수는 직접 뽑아서 더 좋아요 | 2021.05.17.:  | 2021.05.16.:  | 2021.02.08.: 항상 제주와서 흑돼지 먹으면.. 비싸단 생각뿐이었는데..이번엔 맛나게 먹었네요. 마지막에 나온 된장 찌게도 맛있고... 아이들도 좋아합니다~! | 2020.09.22.: 음식이 정갈하고 고기도 아주 두툼하고 맛있어요. 버릴 반찬이 하나 없네요 | 2020.02.17.: 딱히 나쁜선택은 아님",불일치
명륜진사갈비 연동점,명륜진사갈비,매일12:00 ~ 23:00,"#가족모임, #고기뷔페, #돼지갈비무한리필, #제로페이, 더보기","예약가능, 포장불가",주차,명륜진사갈비 연동점이 뉴버젼으로 리모델링해서 손님을 맞이하고있습니다. 많이 관심 가져주셔서,40,3.7점,"명:1인무한리필, 가격: 19,900양념갈비,삼겹살,닭갈비,프렌치렉 모두 무한리필입니다","2024.09.20.: 동네여서 너무 좋고 다른 지점보단 괜찮아요~~그런데 중국인이 너무 많아서 시끄러워요 ㅠ | 2024.09.19.: 주차장 있고 명륜 체인중에 비교적 넓고 쾌적함 | 2024.09.19.: 1인은  2명치 추가금액(4만원) 받는다네요1인불가라고 적어놓던가 2인이상 입장가능이라고 적어주시면 좋겠어요 | 2024.09.05.: 손님이 너무많아서 복잡한데가성비짱으로 잘 억었어요. ~~~^^ | 2024.08.04.: 낮2시 방문 손님 두세테아블  쉬원한곳에서 안내로 1시간 40분 먹었는데 여유롭게 먹기엔 시간이 모자랐다  맨나중 결제할때 결제하는사람이 친절은어디가고 퉁명스럽게 불량스러운게 너무 거슬리게 무례랬다 친절은 없더라 | 2024.06.10.:  | 2024.02.13.: 먹다가 위에서 기름때 떨어짐불친절함 | 2024.02.05.: 고기 먹는데 철수세미 나왔어요 프렌치렉 구우면 낱장으로 떨어져요삼겹살 푸석하고 맛없어요 ㄴ돼지갈비 도 그닥… | 2024.01.23.:  | 2023.12.31.:  | 2023.12.11.:  | 2023.11.24.:  | 2023.11.16.: 맛잇어요!! 리뉴얼되고 처음가봤는데 갈비먹으러가서 돼지고기만 엄청 먹고나왓습니다ㅋㅋ 목살이랑 삼겹살이 예술입니다ㅠ 👍 | 2023.10.08.: 명륜진사갈비 평이 좋아서 처음방문했는데… 왜죠.?왜 ㅋㅋ높은건지 모르겠어요. 프리미엄 뷔페랑 비교하면 안되지만 그래도 리뉴얼하고 좋아졌다고해서 갔는데 고기는 얼렸다가 녹힌것 마냥 구울때 고기 결이 보이고 질기고 ㅠㅠ 탄산은 물탄것 처럼 밍밍하고쌈채소는 신선해서 쌈채소가 제일 맛있었어요 ㅋㅋ재방문 의사 0. | 2023.08.03.:  | 2023.07.24.: 맛있어요~~갓성비~ 예전의 진사갈비가 아닙니다!! ㅎㅎㅎ | 2023.07.23.: 리뉴얼되서 먹거리도 많아졌고 질이 좋아졌음 ! | 2023.07.10.:  | 2023.06.25.: 다양해진 메뉴에 대만족 | 2023.06.17.:  | 2023.06.16.: 리뉴얼하고 좋아진 것 같아요 | 2023.05.21.:  | 2023.05.06.:  | 2023.05.05.:  | 2023.04.05.: 제주여행와서 숙소랑 가까워서 들렸는데, 좀 냄새가 나고 뻑뻑해요. 내가 살던 동네 강원도 원주점은 냄새도 거의없고, 부드러운데 이곳은 좀 맛이 떨어져요. | 2023.02.19.: 가성비갑  맛있어요 | 2022.12.19.: 난 여기가 좋더라고.다른덴 너무 비싼데 맛도 그럭 저럭여기는 여러가지 골라먹을 수 있고 무한 리필, 맛도 괜춘~~!!이정도면 됀거지~~~밥도 포함~~ | 2022.09.14.: 그런데루   별  맛은 닭 노우삼겹살  노우 돼지갈비는  Yes 바닥이  넘  미끌  자빠짐 | 2022.03.23.: 나쁘지않았어요. 다만 된장찌개는 시키지마세요 너무 맛없음..콩맛밖에 안나요 콩물 끓인줄..아무맛안남+최근 가격 올랐는데, 전에 다시가봤을때 된장찌개가 맛있어졌습니다! 그래서 리뷰랑 별점 수정해요(2021년) | 2022.02.05.: 연동점은 다른 지점에 비해 넓은 매장이 맘에 듭니다. 그리고 고기도 셀프바에 있어서 고기 추가를 매번 직원 안부르고 편하게 갖다 먹을수 있어서(눈치 안보임) 편합니다. 양념갈비는 맛있어서 정말 괜찮고닭고기가 양념이 좀 별로라 맛이 없었고 야채는 정말 오래된...싱싱함이 전혀없는..^^;그것만 개선되면 최고인 곳입니다. | 2021.10.14.:  | 2021.09.04.: 고기가 맛이없는건 아닌데 직원들 태도나 위생은 좀 신경써 주셨으면 하네요.의자에 숯재 쌓인거나 직원분들 쓰레기통을 식사하는 다른 테이블 위에 올려두고 비우네요.직원들이 대부분 중국분들 같은데 .. 신경쓰셨으면 합니다. | 2021.08.09.: 혼자는 무한리필안된다네요.ㅠ | 2021.04.29.: 음식은 그런데로 괜찮은데요  홀이  너무너무 더러워요  홀보니 주방은  더 더럽지 않을까요 청소좀  하셔야 겠어요 음식먹다 토할뻔 했어요 | 2021.04.07.: 다른 지점들보다 여기 지점이 더 맛있는 느낌 .. 기분탓인가 ? | 2021.02.27.: 언제먹어도 맛있음 | 2021.02.13.:  | 2021.02.13.: 맛있고 친절해요~ | 2020.12.16.: 굿굿. 고기감칠맛, 야채신선도, 홀넓음, 직원친절함,마스크 인당 하나씩 무료로 나눠주심평일 두시간 동안 만삼천원에 고기,밥,음료 무한리필.고기 맛 좋음, 몇번이나 리필함.야채들 상태 너무 좋고 싱싱하고 너무 맛있음.비빔냉면 맛있음. 직원들 다 친절함.매장 넓고 환기시스템 잘되있음.배터지게 먹어도 두명이서 2만얼마밖에 안나오고 무제한으로 고기 양껏 먹다옴. 갈때마다 매번 만족하고 나옴ㅎㅎ추천하는집. 가성비 꿀에 고기맛 좋음. 명륜진사갈비 짱 | 2020.10.04.: 실내넓고 그냥 저냥 평타요참고로 된장은 시키지마세요",일치
황금뱃지,회,매일14:00 ~ 23:00,"#코스요리, 더보기",정보 없음,정보 없음,정보 없음,5,4.8점,"명:지리(1인), 가격: 15,0002인이상 주문가능 | 명:매운탕(1인), 가격: 15,0002인이상 주문가능 | 명:모듬회(소)(2인), 가격: 100,000 | 명:모듬회(중)(3인), 가격: 130,000 | 명:모듬회(대)(4인), 가격: 150,000 | 명:고등어회, 가격: 30,000 | 명:간단회모리, 가격: 40,000 | 명:일반초밥, 가격: 11,000 | 명:회덮밥, 가격: 15,000 | 명:모듬초밥, 가격: 15,000 | 명:고등어구이, 가격: 15,000 | 명:연어초밥, 가격: 17,000 | 명:고등어조림, 가격: 30,000 | 명:일반회(2인), 가격: 70,000 | 명:황금횟집새우튀김(5p), 가격: 10,000 | 명:메로머리구이, 가격: 40,000 | 명:내장탕(1인), 가격: 30,000","2024.08.25.: 고등학교  동창 모임  다녀왔어요~초밥이 맛 있다는 표선 맛 집  회가  진짜 싱싱하고  맛 있네요~~다음에  가족모임도 좋을 듯요  특히 연어 🍣최고네요   잘 먹고 갑니다 | 2023.12.19.: 두번왔는데 숨은 보석이에요. 특히 매운탕 국물이 깔끔하고 감칠맛이 끝내줍니다. 사장님도 친절하시고 가성비도 너무 좋습니다. 제주도 올때마다 꼭 방문할 곳이 생겼어요!! | 2023.11.29.: 모듬회 맛있게잘먹었어요 가성비 굿 | 2023.09.21.: 항상 신선하고 맛있어서 만족합니다표선 올때마다 오는데 너무 신선하고 맛있어요 | 2023.07.14.: 초밥을 포장으로 해서 집에서 먹는데 꽤 훌륭한 퀄리티의 초밥입니다.튀김과 회.소라숙회까지 곁들여 넣어줬어요.횟집의 생명은 신선도와 초장인데,초장도 막걸리식초를 쓰셨는지 입안에서 감도는 감칠맛이 여타횟집의 초장과는 남달랐네요.튀김의 퀄리티도 꽤 좋았고,미소국 마저 훌륭하네요.※아쉬운점하나 모듬초밥 구성에 참치는 한점도 없네요.샤리의 양도 약간부족한듯 싶습니다만 전체적으론 굿입니다.이틀뒤 지인이 방문해서 재방문했네요.이번엔 홀에서 모듬회小짜 2인세트 주문.25년이상 주방경력의 사장님이 표선에 야심차게 오픈한곳이라 그런지 어느거 하나 허투루 나오는게 하나도 없네요초밥까지 스끼로 나오고 새우튀김.유린기소스의 치킨,물회까지 WOW!급하게 영접하느라 튀김과.치킨.물회는 미처 사진을 못찍었네요 ㅠㅠ.조만간 대박조짐이 날집으로 찜해둡니다.",일치
용소담,카페,"월,수,목,금,토,일10:00 ~ 22:00","#감성카페, 더보기",정보 없음,정보 없음,정보 없음,0,정보 없음,"명:블루레몬에이드, 가격: 6,500",정보 없음,일치
카페봄봄 오라점,카페봄봄,매일10:00 ~ 22:00,"#카카오페이, #제로페이, 더보기","예약가능, 배달가능, 포장가능",주차,정보 없음,12,3.7점,"명: 명:고구마라떼, 가격: 정보 없음 | 명: 명:진저 라떼, 가격: 정보 없음 | 명: 명:딸기라떼, 가격: 정보 없음 | 명: 명:복숭아에이드, 가격: 정보 없음 | 명: 명:돌체콜드브루, 가격: 정보 없음 | 명: 명:카푸치노, 가격: 정보 없음 | 명: 명:돌체라떼, 가격: 정보 없음 | 명: 명:카페라떼, 가격: 정보 없음 | 명: 명:바닐라라떼, 가격: 정보 없음 | 명: 명:어른커피, 가격: 정보 없음 | 명: 명:더치 아메리카노, 가격: 정보 없음 | 명: 명:얼그레이카페라떼, 가격: 정보 없음 | 명: 명:카라멜마끼아또, 가격: 정보 없음 | 명: 명:헤이즐넛 라떼, 가격: 정보 없음 | 명: 명:헤이즐넛 아메리카노, 가격: 정보 없음 | 명: 명:아메리카노, 가격: 정보 없음 | 명: 명:카페모카, 가격: 정보 없음 | 명: 명:레몬에이드, 가격: 정보 없음 | 명: 명:청포도에이드, 가격: 정보 없음 | 명: 명:자몽에이드, 가격: 정보 없음",2024.08.09.: 6일날 찍었던건데 이제 올리네요 밖에 기계 있어서 그걸로 주문 했어요 | 2024.08.04.: 맛. 친절. 분위기. 주차 다안좋은곳 다만 가성비로만 감...ㅋ | 2024.05.23.: 직원분 서비스가 최악임... | 2024.02.16.: 가끔 인도로 차가 올라와 불편함을 겪는것 빼고는 다 괜찮았어요! | 2023.08.30.: 직원분 불친절 | 2023.07.03.: 좋아요 ㅋㅋ ㅋㅋ | 2023.06.14.: 컵 보증제이후  짜증남컵 씻어서 반납하라고 하고두껑은 빼고 반납 하라고하고뚜껑은 반납 받아서 버리면 될거고컵 씻어서 반납할거면 그컵에 담아 달라고하지누가 새컵에  넣어가지고 또 씻어서 반납 하냐 | 2023.03.27.: 🌸봄봄 카페 처음 와보는데 시설도 깔끔하고 주차도 할 수 있고 복층 분위기도 있어서 좋아요!최애 카페 입니당 ㅎㅎ 봄하루 되세영 ㅎㅎ🌸 | 2023.03.23.: 여기 봄봄이 제일 맛있어요👍 | 2023.03.20.:  | 2022.08.04.: 아바라 맛집!초밥먹고 버린입 아바라가 헹궈줌 | 2021.07.08.: 루브탑이 인상적,일치
만궁,장어,월~토11:00 ~ 21:30,"#안심식당, 더보기",정보 없음,정보 없음,정보 없음,22,4.2점,"명:장어양념구이 (1kg), 가격: 93,000 | 명:장어소금구이 (1kg), 가격: 93,000 | 명:장어고추장구이 (1kg), 가격: 93,000 | 명:소양념갈비 (1인분), 가격: 30,000 | 명:장어한마리정식 (1인분), 가격: 32,000 | 명:장어반마리정식 (1인분), 가격: 22,000 | 명:소양념갈비정식 (1인분), 가격: 31,000 | 명:장어탕, 가격: 12,000 | 명:장어죽, 가격: 10,000 | 명:냉면, 가격: 8,000","2024.09.06.:  | 2024.09.02.:  | 2024.08.02.: 점심 장어 반마리/한마리 추천해요! 만궁 장어 정식는 갓성비 입니다. 밑반찬도 많고 맛도 있어요. 장어는 만궁으로 | 2024.07.31.: 엄마가 데려가줘서 처음 가봤는데 정말 너무 좋았어요. 깔끔하게 1인으로 나오고 맛도있고 다음에 또 방문하고싶어요. | 2024.06.19.: 가격은 좀 있지만 장어정식은 여기가 제일인듯 합니당사람이 많아서 점심이나 저녁시간엔 예약 필수! | 2024.05.30.:  | 2024.03.04.: 가격도 비싸반찬도 없어맛은 보통불친절다신 안감 | 2024.01.16.: 가격이 조금 오르고 양은 예전에 비해 줄어든거 같기도 하지만..여전히 맛은 좋습니다.장어정식 | 2023.12.30.:  | 2023.12.21.: 장어가 정말 부드럽고 맛있다. 반찬들도 모두 맛있다. 강추한다. | 2023.07.28.: 굳이... 정말 굳이... | 2023.07.16.: 가격은 비싸도 좋은 기억에 손님 모시고 갔다가 좀 무안했네요ㅠㅠ 기본반찬으로 나오는 죽도 안나오고, 물어봐서야 준비해둔게 다 나갔다고하며 더 여쭤볼 수 없게 상황을 만드시고.후기로 올라온 사진을 보니 죽만 안나온게 아닌 계란찜도 안나왔네요ㅠㅠ 추가로 장어 더 시켜먹었는데 적은 돈도 아닌데 좀 너무 하네요.양해를 구했으면 이해를 했을까, 모르고 먹고나오니 괜히 더 손해본거 같고 기분이 얹짢네요. | 2023.02.06.: 오랜 맛집 | 2022.12.09.: 비싼듯하지만 그래도 맛있어요~! | 2022.04.14.: 장어,소갈비 양념게장에 냉면까지 맛있어요애들이 더 잘먹어서만찬 즐길때 종종 가서 먹고옵니다^^ | 2022.03.08.: 여긴 자꾸 생각납니다 | 2022.01.21.: 기력 보충 필요할때 강추해요!가격은 메뉴에 안내된 가격보다 인상되었어요!메뉴 가격보고 갔다가 계산할때 깜놀했어요!그래도 돈이 아깝지 않은 맛과 영양입니다! | 2021.10.07.: 진짜 맛있어요! 장어가 아주 부드럽고 맛있습니다.반찬도 맛있고! 또 먹으러올게요 :) | 2021.08.08.: ♪( ´θ｀)ノ땐쓰 댼쓰~~땐스단스~~~٩( 'ω' )و                 ♪(*^^)o∀*∀o(^^*)♪ | 2020.06.05.: 지나가다가 사람들많아서 먹었는데 진짜 대박 맛잇엇어요 엄마아빠 까다로운데 다 대박외침. 같이나오는 게장도 찐 여긴또갈거에요 | 2020.01.25.: 솔직히 가격 부담스러워 못 가겠네요.15000원까지는 어찌 먹겠는데 그 이상 올라가니 갈 엄두가 안나는집 입니다. 이 금액 점심에 쓸 사람 잘 없지요.",일치
동가,중국요리,매일10:00 ~ 20:00,정보 없음,정보 없음,정보 없음,정보 없음,10,3.2점,"명:짬뽕, 가격: 8,000 | 명:볶음밥, 가격: 8,000 | 명:유산슬, 가격: 35,000 | 명:짜장, 가격: 7,000 | 명:찹쌀탕수육(소), 가격: 20,000","2024.09.20.: 리뷰보고 괜찮을줄알고 갔는데 짬뽕국물은 비리고 해산물도 쥐꼬리만큼 들어있어요 탕수육은 양도적고 고기보다 튀김옷이 훨씬커요 9대1 비율 두번다시 가지는 않을것같네요 | 2024.01.28.: 브레이크타임 없어서 좋아요. 자장, 볶음밥 굿1,2,4주째 월욜휴무 | 2023.10.07.:  | 2023.07.25.:  | 2023.02.07.: 탕수육 진짜 못 하는집! 배달도 못해 찿으러 갔는데! 만두 써비스도 없어 가격은 비싸!30000원  식으니까 이건 돌덩이 씹지도 못하겠음 다신 여기서 탕수육 안 먹음 | 2022.11.05.: 먹어보면 진짜맛을 알수있어요~면발이 아주 좋아요^^!가능하면 배달보다는 음식점에 방문하여 드셔보시길 강추합니다. | 2020.11.24.: 배달이 빨라서 미리 만들어놨나 싶었는데 이게 왠걸 ㅋㅋ 면빨 완전 쫄깃 함  심지어 맛도 있음! | 2020.04.25.: 배달 시키면 16분내로 옴 미리만들어놨나 했는데 먹어보니 그것도 아닌거같고 그냥 미치게 빨랐고, 심지어 맛있음",일치
돈오름숯불갈비,갈비,정보 없음,"#점심식사, #점심특선, #제로페이, 더보기",정보 없음,정보 없음,정보 없음,22,3.3점,"명:흑돼지정식(1인분)(100g), 가격: 10,000흑돼지오겹살+돌솥밥+된장찌개 | 명:양념갈비(250g), 가격: 16,000 | 명:생갈비(200g), 가격: 18,000 | 명:흑돼지오겹살(200g), 가격: 18,000 | 명:흑돼지목살(200g), 가격: 18,000 | 명:항정살(180g), 가격: 18,000 | 명:한우등심(1인분)(180g), 가격: 35,000 | 명:차돌박이(1인분)(200g), 가격: 25,000 | 명:육회(1인분)(200g), 가격: 25,000 | 명:돼지두루치기, 가격: 8,000 | 명:돼지뼈탕, 가격: 7,000 | 명:전복뚝배기, 가격: 12,000 | 명:돌솥비빔밥, 가격: 10,000 | 명:김치찌개, 가격: 7,000","2024.02.29.: 뭐야 내 냉면 돌려줘요 | 2023.11.15.: 패키지 여행은 처음이라 제주시내에 숙소를 잡고 둘다 고기를 많이 먹진 못해 흑돼지 맛보러 오겹살정식 먹으려고 찾아간 식당주인아주머니 혼자 앉아 있어 머뭇거리다 나오기 미안해 먹게 됐는데 오겹살정식은 있지도 않고 친절하지도 맛도 분위기도 그저그런데 압권인 건 가격흑대지오겹살 1인분이 소개된 가격보다  4000원씩이나 비싸 뭔가 당했다는 느낌 | 2023.07.24.: 진짜 흑돼지의 본연의 맛을 즐기고싶다면 추천들려요!! 진짜 너무 맛있어요ㅠㅠ 다음에 또 제주 오면 들릴거에요! 진짜 넘나 맛있음! 그리고 사장님도 친절하시고 무엇보다 늦게까지 장사해서 좋았어요! 된잗찌개도 진짜 존맛! 고기는 야들야들 걷바속촉 미침! 사장님이 구워주시는데 진짜 맛있어요ㅠ 다들 여기 와주세요,, 제주 여행 할 때 절대 후회 안할 맛집이에요!! | 2022.11.21.: 흑돼지 오겹살정말맛있네요 살살녹습니다 👍 | 2022.06.22.: 좀 비싸지만 맛있어욥 | 2022.06.11.: 입구간판에 테이블당 김치찌게 서비스 준다고되어있는데 안줘요 ㅋㅋ 사기식당 이렇게 맛없고 서비스정신없는 식당 첨봐요~~ 그리고 여름에 에어컨안트는 식당 첨봐요 ㅋㅋ 테이블에 기름좔좔  찌게 콩만한거 8천원~~ 공기밥 별도 ㅋㅋㅋㅋㅋㅋㅋㅋㅋ  양념갈비 생명인 양파지 소스 세상에서 젤맛없~~~ 큰고기집을 중국인 여자 혼자 불이랑 홀다봄~~ 한국말 서툴어서 말한번에 못알아듣고 세번네번 말해야 알아들음  두번다시안가요 절대 아우돈아까워 ♪♬~ | 2022.01.19.: 여태가본 숯불갈비집중최악~별한개도 아깝.환풍은 안되고기다리라고 해놓고 자리 치우지도 않고결국 기다리다..15분만에 다른집가서 먹음..제주와서 가장 안좋은기억.. | 2021.09.02.: 개인적으로 엄청 맛있게 먹었어요!사장님 혼자 일하시는데 너무 잘 챙겨 주셨어요ㅠㅠ코시국이라 혼자 너무 고생하시는것 같에요...번창하시길 바랍니당!! | 2021.08.11.:  | 2021.05.12.: 돼지갈비가 아주 맛있네요 숯도 좋코요김치도 묵은지 인데  제 입맛에는 딱밥이 예술이네요된장 찌게는 서비스로 나오는데좀 멀게서  별로 인줄 알았는데 요게 또 맛있더라구요 ~~맛있게 잘 먹고가요아양파도 비린내도 안ㅣㄴㆍ고 맛있어서 세접시나 먹었네욪 | 2021.05.12.: 굿~!! | 2021.02.02.: 가성비 좋은 가격에 배부르게 흑돼지 먹을 수 있었습니다. 가족들도 전부 만족스러워하셔서 정말 다행이었어요 또 올게요~~~~~ | 2021.02.01.: 일단 넓고 깔끔해서 좋았어요 흑돼지 정식은 가성비 최고입니당 ㅎㅎㅎ 다음에 제주오면 또 들릴게용 굳굳 | 2021.02.01.: 흑돼지가 엄청 두꺼워서 욱즙 가득하고 차돌된장찌개 맛있다해거 시켰는데 진짜 존맛탱이였슺니다!!!돼지껍데기도 서비스로 받았는데 갈비맛 쩝니다 | 2021.01.29.: 생갈비랑 오겹살 먹었는데 생갈비에서 이렇게 깔끔한 맛이 날줄 몰랐네요 정말 맛있습니다 ㅋㅋ 오겹살도 육즙 장난아니고 정말 누구나 좋아할 맛인것 같아요 숯불에 구워먹어서 그런지 더욱 맛있는것 같고 든든하게 먹고 갑니다~ | 2021.01.28.: 에이징한 흑돼지고기라서 그런지 부드럽고 고소하고 육즙이 가득한거같아요.생갈비 양념갈비 둘다 맛있어요.주차장도 넓고 내부도 넓어서 단체로 가도 좋을 것 같네요~ | 2020.11.08.: 숯불준비가 많이 늦습니다 | 2020.09.17.: 쏘쏘",일치
만부정,복어,매일08:00 ~ 21:30,"#안심식당, #상견례, #아침식사, #친목모임, #코스요리, #회식장소, 더보기","예약가능, 배달불가, 포장가능","WIFI, 동물출입, 주차, 휠체어사용없음, 놀이방시설 없음, 흡연실시설 없음",정보 없음,29,2.9점,"명:추천복어사시미코스요리 (1인분), 가격: 90,000복사시미+산해진미+복고니+복튀김+복 불고기+복지리(매운탕+김치복)+복죽+후식 | 명:추천복불고기정식, 가격: 43,000복불고기+복튀김+복지리(복매운탕)+후식 | 명:만부정 황제코스 (1인분), 가격: 140,000케비아+복사시미+랍스타회+랍스타산해진미+랍스타머리+복고니+복튀김+복지리(매운탕+김치복)+복죽+후식 | 명:만부정스페셜 (1인분), 가격: 120,000복사시미+랍스타산해진미+랍스타머리/복불고기 선택+복고니+복튀김+복지리(매운탕+김치복)+복죽+후식 | 명:랍스타사시미코스 (1인분), 가격: 90,000랍스타 사시미+랍스타 산해진미+복고니+복튀김+랍스타 머리찜+복지리(매운탕+김치복)+복죽+후식 | 명:랍스타산해진미정식 (1인분), 가격: 85,000랍스타 산해진미+랍스타 머리찜+복고니+복튀김+복지리(매운탕+김치복)+복죽+후식 | 명:복수육정식, 가격: 55,000복수육+복고니튀김+복튀김+복지리(매운탕)+후식 | 명:참복김치, 가격: 29,000 | 명:복수육정식 (활어), 가격: 70,000복수육+복고니튀김+복튀김(산해진미)+복지리(매운탕)+후식 | 명:복샤브샤브 (활어), 가격: 70,000복샤브샤브+복고니튀김+복튀김+복지리(매운탕)+후식","2024.08.12.: 가격대비 음식질이며 양이며 별로고 맛도 그런데 나오는 양이 ㅋㅋㅋ바가지에다가직원들보다 사장이 진짜 불친절함ㅋ 장사를 이런식으로 하는게 신기할정도네요 | 2024.06.17.: 제주에 아침비행기로 도착하면 항상들리는곳입니다 , 아주 만족합니다 비싸긴해도 | 2024.06.15.: 제주서 자주 먹는 옥돔 갈치 빼고 새로운게 먹고 파서 찾았는데, 넘나 맛있고 매장도 깨끗하고 주차장도 편리하고 공항도 가까운 제주공항주변맛집이었다. 굿굿!! | 2024.04.16.: 원희룡복어 1570만원 | 2024.03.07.: 복가라아게, 복지리탕 먹었어요 색다르게 맛있는 복어라 인상깊었어요 정소가 특히 일품이에요 매장 깔끔하고 룸도 있어서 어른들 모시기에도 좋습니다 깔끔하고 정갈한 밑반찬에 생고사리까지 맛있어요 재방문의사 있습니다 | 2024.02.16.: 여기가 원희룡이 법카로 1570만원어치 쳐먹었다는 그 식당인가요? ㅋㅋㅋㅋ 와 대체 몇 마리나 쳐먹었길래 ㅋㅋㅋㅋ 아이고 아까운 내 세금 | 2023.11.22.: 원희룡이 단골집. 복어를 1570만원어치 처먹음 | 2023.10.23.:  | 2023.08.14.: 코스요리로 너무 깔끔하게 잘나오고,복어요리 먹어본 중에 젤 맛있었어요 👍30년 제주 복집 요리 끝판왕 인정입니다고민말고 가세오 ㅎㅅㅎ | 2023.05.20.: 김치복 33000원  가성비 최악이었음 인터넷리뷰는 전부 광고인듯 ㅡ무엇보다도 복어 양이 너무 작음 뼈에 붙어서 발라먹을 정도의  고기가 대부분 | 2023.05.16.: 여긴 정말 비추 예약 안하면 사람취급안하는곳 맛에 비해 가격도 비쌈특히 직원분들 어거지 친절 배풀려 하지 마시고 안되면 안된다 의사표현 확실하게 하세요 웃으면서 기분나쁘게 말둘러대지말고 | 2023.04.09.: 예약안해도 된다고해서 힘들게 걸어갔더니 남의 일마냥 자리없다고 하시는 직원분의 모습잘봤습니다맛집이건아니건 직원교육 부터 다시 시켜야하는거아닐까요? | 2023.04.09.: 너무 불친절 한 것 같아요. | 2023.04.09.: 예약 필요없다고 오시면 된다고 하여 갔더니꽉찻어요 네 그래요 하시네요.감사합니다. 다른가게로 가서 맛있게 먹게되었어요. | 2022.07.15.: 복어 사시미 코스 (인당 80.-) 2인 코스입니다사진에는 밑반찬들과 죽, 후식 수박이 빠졌음구성이 아주 좋았습니다 친절하셨구요두 번째 사진이 복어불고긴데 맛있었어요지리탕에만 소주 2병 마실 수 있고요~재방문의사 90% 이상입니다 | 2022.04.16.: 원희룡 맛집.. 다음에 제주도가면 꼭 가봐야겠내요.. | 2022.04.12.: 원희룡 맛집 | 2022.04.12.: 여기가 그 유명한 원희룡 도지사님 맛집인가요? | 2022.03.06.: 1500만원은 작은돈이고15만원은 큰돈이냐그럼 나 작은돈좀 주라 ㅋㅋ | 2022.02.26.: 원희룡이 먹었다고 여기에 별점테러하는게 맞냐? 무식한놈들이네 4년간 1500이 대단히 많은 금액이냐 ㅋㅋㅋㅋ | 2022.02.20.: 제주도 최고 맛집지인들 데려갔는데 다들 감동 먹었네요고사리 인생 맛집 ~!! | 2022.02.19.: 원희룡 퉤 | 2022.02.19.: 잘먹고 잘싸고 잘살아요,^, | 2021.11.07.: 손님보다는 직원들이 행복한 곳 | 2021.06.27.: 복어 사시미 코스 신선함이 느껴지고 진짜 맛있었어요... 대박!!!! | 2020.08.13.: 지리 먹었는데 잘 모르겠어요. 기대가 컸는데 평범해서 실망했어요. | 2020.06.04.: 제주 현지인들이 많이 간다는 복집입니다..참복매운탕은 해장에 딱! 입니다.. | 2020.05.03.: 별 하나도 아까워요대놓고 팁 요구",일치
불난닭짱,닭요리,"월,수,목,금,토,일16:30 ~ 02:00","#제로페이, 더보기",예약가능,주차시설 없음,정보 없음,11,4.3점,"명:치즈불닭, 가격: 17,000 | 명:불닭, 가격: 15,000 | 명:무뼈닭발, 가격: 15,000 | 명:통닭발(2인), 가격: 13,000 | 명:똥집볶음, 가격: 13,000","2024.10.05.: 라면이 자꾸 생각남.레시피 알고싶은데.. | 2024.08.26.: 달달하고 매콤한 딱 아는 그 맛!!! | 2024.08.25.: 고등학교때부터 먹은 치즈불닭 단골맛집,, 못 잊고 오랜만에 왔는데 여전히 너무 맛있었음 마지막에 남은 불닭에 밥 비벼먹어보세요 넘 맛있다 진짜 🤤 | 2024.05.13.: 이곳만 지나가면 꽁초와 꼴초들이 득실되어 냄새가 고약합니다 개선이 필요 | 2024.01.20.: 어제 너무 맛있게 먹었어요 원래 있던 장소가 여기로 옮긴건 몇년만에 알았어요 전에 있던곳 이미지보고나서 알았어요 ㅋㅋ 잘 먹었어요 이모님 혼자 일하시는데 바쁘세요 | 2023.05.18.: 예전보다는 못하지만 그래도 이지역 최고 치즈불닭집 | 2023.03.26.:  | 2022.02.20.: 맛있어요! | 2021.02.12.: 치즈불닭 최고 라면 최고!! | 2020.01.02.: ",일치
골목,해장국,"월,화,수,금,토,일07:00 ~ 13:30","#카카오페이, #제로페이, 더보기","예약가능, 배달불가, 포장불가","WIFI, 동물출입, 주차, 휠체어사용",정보 없음,85,4.4점,"명:해장국, 가격: 11,000 | 명:내장탕, 가격: 11,000","2024.10.05.: 다대기 다 넣으면 짜다 ㅠㅠ | 2024.09.24.: ✅️ 음식(맛, 구성) : 해장국과 내장탕 중 내장탕을 먹었는데 가장 먼저 눈에 띈 점은 빨간 기름이었다. 아마도 고추기름이 아닐까 생각된다. 국물의 첫 맛은 먹은 순간에는 생각하지 못했던 맛이 나서 의아했었다. 조미료 향과 고기 누린내가 났기 때문이다. 혹시나 싶어 함께 나온 다진 마늘과 고추를 넣고 다시 먹으니 맛이 완전 변했다. 아까의 향과 누린내는 전혀 나지 않고 깔끔하면서도 칼칼한 맛이 났다. 여기 내장탕의 특징은 야채가 거의 들어가지 않는다는 점이다. 대신 고기가 정말 한 가득 담겨있다. 고기는 다른 식당들에 비해 굉장히 연한 느낌이라 먹기 좋았다. 그리고 쌈 싸먹을 수 있는 깻잎과 멜젓도 넉넉하게 나온 점도 특징이다. 반찬 모두 셀프 리필이 가능하다. 깍두기는 아삭한 것은 아니고 잘 익어 씹기 편했다.✅️ 가격 : 두 메뉴 모두 11,000원이다. 대체적인 제주 전 지역의 가격대이다.✅️ 서비스(접객, 공간) : 건물이 새로 지어졌는지 깔끔하고 이동 공간이 넓은 편이었다. 직원들은 다들 친절한 편이었다. 화장실이 건물 나가서 돌아가야 나와서 비가 오고나 할땐 불편할 것 같다.✅️ 위생 : 전반적으로 깨끗하게 느껴졌다. 아무래도 제주 해장국 집들이 오래된 건물이 많다보니 상대적으로 더 그렇게 느껴졌다. 테이블마다 물티슈도 갖춰져 좋았다. 다만, 수저통이 세로형에 빽빽하게 담아서 숟가락을 꺼낼 때 뜨는 부분에 손이 닿기 쉽상이었다.✅️ 접근성(위치, 주차) : 함덕해수욕장 부근이라 이동 간 식사하기 좋아 보인다. 자체 주차장도 꽤 자리가 있는 편인데 식당 위치가 절묘해서 길만 건너면 대형 무료 공영주차장들이 있어서 주차 걱정은 없다.✅️ 종합 : 다진 마늘과 고추를 넣지 않으면 원하는 맛이 안 날 수 있으므로, 평상시 해장국과 내장탕에 다진 마늘과 고추를 팍팍 넣는다면 추천한다. | 2024.09.14.:  | 2024.09.13.: 최근 들어 국물 맛이 전과 달리 가벼워졌고..멜젓 맛도 짜면서 전같은 맛이 아니고 ㅠㅠ 그래도 애정해서 꾸준히 가는데 별점은 하나빼요..성수기라서인지 10시대에 앞에 대기 35팀이더라고요..캐치테이블로 미리 예약되니 참고하세요...100번 넘게 간 찐 단골로 이사할때 맛 바뀔까봐 얼마나 떨었는지.. 배추쌈이 찰떡궁합이라고 생각했는데 먹다보니 상추보다는 현재 바뀐 깻잎도 정말 맛있다 느껴집니다 제주 내장탕 맛집 다 찾아다니며 먹었는데 내장 흐물거리지않고 쫄깃한 것도 취향이고 야채쌈 이리 눈치안보고 맘껏 먹는데는 여기뿐이네요 해장국보단 내장탕 맛집입니다 | 2024.08.28.: 내장탕은 고추기름이 많으나 국물이 묵직하게 얼큰합니다. 내장은 양이 가장 많고 멜젖에 쌈싸먹는 맛이 있네요밥 한공기 뚝딱 말아서 해장 지대로 하고 갑니다. 함덕에 왔다면 반드시 들릴 1티어 해장국 | 2024.08.05.: 굳이.. 해장국 괜춘 | 2024.07.30.: 제주도 올때마다 꼭 오는곳인데 가게 이전하고 혹시나 좀 달라졌을까 했는데 아님 여전히 너무너무 맛있어요!!! 인생해장국집 | 2024.07.29.: 먹으려면 아침잠 포기해야하지만 맛있어서 포기가능 | 2024.07.13.: 양도많고 맛도 괜찮지만 자극적인 편이라 자주 땡기지는 않음. 우선 대기가 너무 많다..ㅠ | 2024.07.03.: 양도 많고 맛도 좋고 재방문각임 | 2024.06.23.:  | 2024.06.19.: 제주 다른 해장국집 비교하면조금 싱겁다 느껴짐내장탕에 내장 따로 찍어먹는 겨자소스는 없고갈치속젓이나오고 상추에 싸먹는 점은특이하나 자극적이걸 좋아하시는분은 조금실망하실듯 | 2024.06.17.: 함스타 검증맛집 5.0/5.0@hamstar_food | 2024.06.15.: 완전 친절하시고 시원하고 맛있어요 카운터에있으신 사장님.. 너무친절하시고 짱짱!! 해장국 재료도 신선하고 국물도 시원해요 밑에 1점은 여태 작성한 리뷰도 하나밖에없고 경쟁업체인듯..ㅋㅋ | 2024.06.07.: 웨이팅이 많았는데 밥집이라 회전률이 빨라서 금방 들어감평소에 먹던 국밥이랑 조금 다른 느낌인데 깔끔하고 맛있음👍🏻전날 술 진탕 먹고 방문 추천ㅋㅋㅋ | 2024.05.19.: 맛없음!성시경 유튜브보고 일부러 찾아갔는데깜놀~~들어갈때부터 매장에서 내장 꼬릿꼬릿한 냄새진동함. 맛이 고평가 된듯 함.입맛이야 다 다르겠지만 내장탕에서 냄새나는건 깨끗이 않 씻었다는 것임.어쨌든 별로임돠. | 2024.05.14.: 내장탕과 선지해장국을 함께 시켜먹었는데 맛과 풍족한 양에 만족합니다. 손님이 많아 약 50분을 기다렸지만, 키오스크에 음식 주문과 전화번호를 입력하면 대기번호와 대기시간이 뜹니다. 주변을 구경하다 문자메세지가 오면 식당으로 가면 되는 편리한 시스템을 갖추고 있네요. | 2024.05.12.: 웨이팅이 길어서 맛집인가 하고 먹었습니다 제주가면 항상 내장탕 맛집 찾아 다니는데 여기 내장탕은 진한깊은맛은 없어요 약간 밍밍한 느낌? 3점인 이유는 남친이 해장국은 맛있다고 하네여 드실거면 해장국 추천이요 | 2024.05.10.: 2018년부터 제주도 오면 항상 들리는 곳입니다.이사하기 전에 완벽한 5점이였다면, 내부가 넓어지고 맛이 조금 아쉬워진 느낌이 있지만 그래도 맛있어요! 선지가 텁텁하지않고 담백하고 탱탱해서, 얼큰한 선지해장국 마니아분들 좋아할 것 같아요. | 2024.05.05.: 해장국은 뭐 당연히 맛있고 내장탕이 깔끔한게 인상적이였어요 쌈 싸먹을 수 있는 것고 좋고 가게 이전하니 좋네요 주차자리 없으면 운동장에 차 세우고 | 2024.04.23.: 한 2년동안 저장해놓고 언제 기회되면 가야지 했던 원래 유명한 맛집인데 건물 새로 올리고 이제서야 가봤네요 ㅎ왜 이제갔을까.. 산지해장국이랑 이 집 둘이 제주 해장국 중 제 마음 속 1등입니다개인적으로 기다리는 집들 유명한 맛집들에 불신이 많은 편인데 ㅋㅋ깔끔한 국물에 야들야들한 고기들, 야채 양도 많고 최고였어요!다만 영업시간이 짧으니 전날 술 일찍부터 드시고 일찍 일어나 다녀오세요!ㅋㅋ | 2024.04.14.: 내장탕 | 2024.04.11.: 훌륭합니다리뷰 끝. | 2024.04.11.: 내장탕 건더기 양이 엄청 많아 먹어도먹어도 줄지 않아요. 내장도 국물도 잡내없이 깔끔 시원하고 밥 생각이 별로 없이 들어갔는데도 먹다보니 소주 한잔 생각나더라구요. 역시나 아침에 해장술 하시는 분들도 더러 계셨어요. 새로 이전한 가게라 그런지 깔끔해서 좋아요. | 2024.04.10.: 1년전에 먹고 또왔는데 역시 맛있네요~~ | 2024.04.08.: 내장탕에는 양만 듬뿍들어 있어서 절반 정도 먹었을 때 좀 느끼했습니다.다음에 간다면 해장국 먹을 거 같아요. | 2024.04.05.: 제주도 전역이   전체적으로 해장국,내장탕수준이 높아서 그런지  유일하게기대이하인집특히 유일하게 잡내때문에 절반도 못먹고  중도포기 | 2024.03.30.: 선지를 원래 안먹는데.. 여기 선지는 잡내 하나없이 고소하고 단단한 맛이 나요. 진짜 신기해요! 웨이팅만 없으면 자주 가고 싶어요 ❤️ | 2024.03.19.:  | 2024.03.19.: 4년전 방문 후 다시 방문함. 가게가 이전되었네요. 가게 옆에 무료 공용 주차장 있어요.내장탕 주문했는데, 예전과 마찬가지로  소 양부위가 가득 차있습니다. 먹어도 먹어도 줄지않는..처음에는 내장의 쿰쿰한 냄새가 좀 나지만 먹다보면 익숙해집니다.역시 국물도 참 맛있고 아침에 많이 먹지 않는데 숟가락을 놓을 수가 없네요.화요일 7시 좀 넘어서 방문했는데 1 테이블 있었고 손님은 계속 들어오지만 나갈 때까지 자리가 있었습니다.목요일은 휴무랍니다.다음에 또 방문 의사 있습니다. | 2024.03.18.: 선지해장국, 내장탕둘 다 맛있고 접객이 좋음 | 2024.03.17.: 원픽 국밥집성시경 먹을텐데 보고 갔는데 완전 만족!!담에 제주도 또 가면 꼭 다시 가야지 ㅎㅎㅎ아는 사람 데려가서 맛보여주고픈 집 ㅎㅎㅎ선지해장국 내장탕 둘다 맛났는데 내장탕이.더 좋더라~ | 2024.03.16.: 깍두기 맛은 보통이나 싱싱상추 신선하서 고추는 별로내장탕 맛는 진심 그닥이고 허파는 냄새가 좀 나는듯하고 와사비 간장이 있으면 느끼한 맛을 잡아줄텐데 없어서 아쉽고 후추가 있으면 좀더 좋을듯함~ 깍두기 국물에 말아 먹는게 훨씬 나았음 | 2024.02.26.:  | 2024.02.18.: 제발 테이블링좀하세요 카운터 언니도 힘들고 손님들시간 아껴주세요 지쳐서 못가겠어요 | 2024.02.13.: 맛있긴해요 시경이형 왔다가서 한동안 못가겠네요 | 2024.02.06.:  | 2024.01.20.: 굳이 찾아오거나 웨이팅 하며 먹을 집은 아닙니다 개인적으로는 간장 겨자 소스 도주셨으면 합니다 | 2024.01.03.: 누린내 없이 깔끔한 스타일에 내장탕 넘 잘먹었어요:)일하시는분도 넘 친절하시고 깔끔해요! | 2023.12.30.: 제주 여행 자주 다니는데 탑쓰리 안에 드는 맛집입니다 아재입맛인데 딱 저격… 내장탕 시켜 먹었어요.맵지는 않고 시원해요 국물이. 무 많이 들어있어서 그런 듯. 내장들 잘 손질하고 삶아서 냄새도 안 나고 야들야들! 총 4번 정도 방문했는데 안 질리고 계속 생각나네요 추천합니당 | 2023.12.20.: 메뉴는 2가지인데 전부 맛있네요.주차도편하고.손님이 많아요~~~ | 2023.12.15.:  | 2023.12.04.:  | 2023.11.29.: 전에 부담없이 가던 맛있는 내장탕집..이젠 소문나서 관광객들 줄서서 못가는집! 옮긴후엔 안가봤음ㅠ | 2023.11.28.:  | 2023.11.09.: 제주도 자주가는데 갈때마다 꼭 들리는 곳우리동네도 생겼으면 좋겠어요 | 2023.11.07.:  | 2023.11.06.: 일반적으로 해장국집은 불친절한데 여긴 친절하기까지함맛은 최고이고 | 2023.10.30.: 몇년째 꼭 가는 내장탕 맛집!!!함덕에 있을때보다 접근성은 떨어졌지만 웨이팅은 줄어 좋음. | 2023.10.24.: 맛집 인정 .개인적으로 해장국 강 추천.잘먹었습니다 ~ | 2023.10.23.: 깔끔한 맛.멀리서 오기엔 굳이...? 라는 생각이 들긴 함.내장 싸먹으라고 깻잎을 주는것이 특이함. | 2023.10.21.: 로컬 추천으로 왔어요 | 2023.10.13.: 제주도에 있는 수많은 내장탕 집중 항상 이름이 나오는곳. 내장양 훌륭하고 국물은 엄청 진하진 않았다. 쌈이랑 나오는 것이 특이함. 밥시간 되면 웨이팅이 엄청나짐. 휼륭한 식당임은 맞지만 주관적인 제주도 내장탕탑은 산지해장국이었음. | 2023.10.01.: ㅇㅈ 그냥 드셔보면 알게됨 | 2023.09.29.: 가게가 함덕해수욕장 근처에서  운동장앞으로 이전함내장탕 맛이 미묘하게 바뀌고 , 건더기 양이 많이 줄었음.유명해질수록 초심을 잃지 않았으면 좋겠다.아직까진 재방문의사는 있음 | 2023.09.20.: 맛은 쏘쏘.기다렸다가 먹을 정도는 아님.. | 2023.09.17.: 재료 신선하고 비린내 전혀 안나요! 공간도 깨끗합니다. 웨이팅은 조금 있으나 회전율이 빨라요. 다시올거에요 | 2023.09.17.: 맛 괜찮지만... 동네마다 이정도 하는곳은 수두룩함. 비쌈. 웨이팅 심함. 결론은 굳이.... | 2023.09.16.: 양이적다맛은깔끔 | 2023.08.29.: 이전 후에 다시 와도 여전히 감동적인 맛의 선지해장국 | 2023.08.21.: 밥시간에 가면 웨이팅이 상당합니다 | 2023.08.21.:  | 2023.08.17.:  | 2023.08.13.: 제주가면 무조건 한번은 감.더 안유명해졌으면 좋겠음. . 오전장사만 하셔서. . | 2023.08.07.: 여기는 시래기 맛있어요 | 2023.07.25.: ♡ | 2023.07.24.: 평일 10시기준으로 대기는 없었습니다.함덕에서 벗어나 아쉽지만은 그래도 더 깔끔한곳에서 먹을 수 있어서 좋았습니다. 믿고먹는 골목!(대기하면서 먹을 맛은 아니지만 지나갈일이 있다면 꼭 들려보세요) | 2023.07.18.: 기존 “골목”에서 “함덕골목”으로 이름을 바꾸고, 새로 지은 건물로 옮겼네요. 내장탕,해장국 둘다 최고입니다..아직까지는.. | 2023.07.16.: 제주도 해장국 원탑.  산지해장국보다 훨씬 더 맛있다. | 2023.07.16.: 궂이 왜 줄서서 먹을정도인지...내장탕이 달달하고 특별함 없이 평범함 그자체 | 2023.07.01.: 재오픈 기다리느라 목빠지는줄알았습니다 여전히 맛있네요! 일주일동안 두번감🫡 | 2023.06.29.:  | 2023.06.06.: 제주도민이 추천해준 로컬맛집. 공휴일 점심 시간 맞춰 갔더니 웨이팅은 약30분. 주변에 공영 주차장도 있어서 주차도 편리. | 2023.06.06.: 유명하다ㅜ그래서 찾아갓는데 막 맛잇지는 않고구냥 한번 먹어볼만..웨이팅까진 아닌듯 | 2023.06.01.: 내장탕 국물 정말 깔끔하고 맛있었습니다 !한 가지 아쉬운게 있다면 배추가 없고 깻잎만 있다는 점 ..? 이 아쉽긴 하지만 양도 많고 맛있게 잘 먹었어요 | 2023.05.29.: 번호표 뽑고 내장탕 주문하고 드시면 됩니다. | 2023.05.21.: 오 가다 맛집인가 보다 해 맘 먹고 가봤는데, 제주시내 해장국 맛집이 많다 보니, 이 정도는 평범한 수준..굳이 찾아갈 정도는 아님 | 2023.05.19.: 해장국 진심 맛있습니다번호표 들고 기다려야 하지만 많이 안기다려도 되더라구요주차장은 작지만 주변 주차장을 다 가게 주차장으로 이용 가능하더군요 | 2023.05.13.: 이사해서 그런지 리뷰가 적어서 남깁니다.7시에 칼같이 오픈하고 주변 사는 도민분들도 아침식사하러 많이들 오세요.깔끔한 맛입니다. 이사해서 자리도 쾌적 매장도 깨끗 바로 앞에 주차할 수 있는 곳도 있어요. | 2023.05.05.:  | 2023.05.04.:  | 2023.04.30.: 걍 여기가 제주도 해장국 1짱임. 미쳤음 | 2023.04.28.: 너무 맛있습니다 !!!!!! 🩵🩵재오픈했는데 맛이 더 업그레이드 된듯 ㅜㅜ | 2023.04.28.: 오늘 23.4.28(금)재오픈손님겁나게 많음~~♡11.20도착, 33번째 대기1시간대기 기본 | 2023.03.29.: ",일치
오름나그네,한식,"월,수,목,금,토,일10:00 ~ 15:00","#안심식당, #전통음식, 더보기","예약불가, 배달불가, 포장가능","주차, 놀이방시설 없음, 흡연실시설 없음",정보 없음,99,4.1점,"명:추천보말칼국수, 가격: 12,000 | 명:추천해물파전, 가격: 15,000 | 명:버섯들깨칼국수, 가격: 10,000 | 명:한치비빔국수, 가격: 10,000 | 명:도토리묵무침, 가격: 15,000 | 명:전복성게칼국수, 가격: 13,000","2024.10.06.: 모든 사람이 파전을 시켜서 우리도 급 시켰다!! 맛있다!!! | 2024.09.23.: 보말칼국수와 해물파전 맛있게 먹었어요~ 사장님이 점심 장사만 하십니다. 두시반이 라스트오더에요. | 2024.09.10.: 최고의 맛!!!보말칼국수의 진한국물, 바삭한 해물파전 무엇과도 비교할 수없는지인들에게도 자신있게 추천하고 있습니다.식당을 방문했던 지인 왈~~~""따봉"" | 2024.08.19.: 총 5번 들린 후 작성하는 후기 제주도 물가치곤 가성비는 나쁘지 않은거 같아요. 한치 비빔 맛있고 파전도 맛있고 들깨 칼국수도 맛있어요. 전반적으로 다 맛있어요. 집에서 가까우면 파전에 막걸리를 꼭 먹어 보고 싶긴 한데 집이 먼 관계로 파전만 늘 먹어요. | 2024.08.19.: 애정하는 식당파전은 꼭 먹어야 함.한치비빔국수~~랑 먹으면 구성 좋음.예전보다 관광객이 줄어서 여유있게 먹을 수 있어 좋았다. 그래도 여전히 손님들이 많은 곳 | 2024.08.18.: 명성답게 맛있어요 보말 평타이상 한치 평타 파전 평타 일부러가서 먹을만 해요. 친절도는 딱히 없어요. 대부분 제주 매장들의 공통점. | 2024.08.15.: 해물파전 진짜 바삭하고 맛있어요. | 2024.08.03.: 3번째 방문넘 맛있어요~^^ | 2024.06.23.: ⭐️⭐️⭐️…(2013년에 방문)검정콩국수…먹을만해요… | 2024.06.12.: 너무 맛있어요메뉴 3개 주문했는데 바쁜점심시간이라 그랬는지 한치국수가 늦게 나와서 취소해달라고 부탁드렸는데 흔쾌히 해주셨어요 감사합니다 | 2024.06.04.: 파전 도토리묵 한치비빔밥 들깨칼국수넷이서 정말 맛있게 먹었어요.n번째 방문중. | 2024.04.26.: 맛있다ㅠㅠㅠ배고파서인지 더 맛있었던…!보말칼국수랑 전복성게칼국수 먹었는데비주얼을 비슷한데 보말칼국수는 시원한 맛,전복성게는 완전 고소한 맛!!갠적으로 전복성게가 더 맛있었다.. 또 먹고 싶다..! | 2024.03.30.: 혼자서 파전에 칼국수 주문하고 파전이 반이상 남아서 싸달라고 요청. 여사장님이 직접 싸라고 은박지 박스째로 가져다주심.. 일단 여기까지 ㅇㅋ 그냥 내가 싸고 이제 계산하고 나가면서 은박지째로 가져가기 뭐한데 봉투 하나 있는지 물어봄. 그런건 없다며 가게 청소할때 쓰레기 버리는 봉지인데 드리는거라며(?) 생색내면서 먹을 음식을 쓰레기 봉지에 담아줌.. 비위도 상하고 기분도 상함 | 2024.03.21.:  | 2024.02.26.: 음식이 다 맛있네요,,,가격도 착하고 음식도 착하고 | 2024.02.24.: 생각보다 맛있어요 김치도요 | 2024.01.16.: 한 끼 하기 좋은 무난한 집찾아갈 곳은 절대 아닌 듯 하고...동선에 있다면 들려보시길 ! | 2023.12.04.: 한치가 추워요 먄은 약간 떡졋어요 찬물에 충분히 안헹군 듯. 보말은 비릿내 공기밥 없음 양적음 반찬셀프 | 2023.12.04.:  | 2023.11.08.:  | 2023.11.04.: 오우~ 건강한맛이에요 간도 안쎄고~ 국물이 진하고 맛있네요 한치 비빔국수도 굿이에요 ^^ | 2023.10.18.:  | 2023.09.22.: 음 그냥 모든게 평범했음… 보말칼국수 국물이 진한 보말향이 안나고 뭔가 밍숭맹숭했고 파전도 귀여운 칵테일 새우들만 들어있고 뭔가 아쉬움… 한치비빔국수가 젤 맛있었음 | 2023.09.12.: 보말칼국수에 제주의 맛이 가득 담겨 있습니다 | 2023.09.11.:  | 2023.08.16.: 대기없이 바로 들어가 먹었어요. 면보다도 국물맛이 진짜 맛있었어요. 다음에 또 갈거같아요. | 2023.07.16.: 제주 최강 맛집 중 하나.보말 칼국수도 정말 맛있고, 해물파전은 예술이다.유일한 단점은 긴 웨이팅. 그럼에도 불구하고 매번 찾아오게 만드는 맛이 일품이다. | 2023.05.09.: 맛이변했어요.친구에게까지추천하였었는데~ | 2023.05.01.: 불친절 | 2023.05.01.: 원래 맛있었는데 2021년 방문했을 때 맛 없어짐혹시 몰라서 2023년 4월에 다시 갔는데 여전히 맛 없음..불친절앞으로 다시 안 갈 것 같음 | 2023.01.15.: 김치 맛집보말칼국수 ♡♡♡♡♡전복성게칼국수 ♡♡♡♡♡파전 ♡♡♡♡♡식구마다 픽이 달랐지만 ^^ 모두만족ㅋ | 2022.12.10.: 파전 맛있으나 칼국수가 아쉽다... | 2022.11.27.: 파전이 정말 맛있어요~ | 2022.11.27.: 파전에 막걸리 한잔 하고 싶을때 가는곳.파전이 JMT | 2022.11.21.: 처음 리뷰 써 봅니다.맛이 없다기보단 보말칼국수는 양도 적고 보말칼국수의 특색이 없네요.. 들깨칼국수 먹는 느낌! 특히 배추김치 너무 맛없음요... | 2022.10.17.: 언니가 3년 전에 먹고서는 너무 맛있다고 해서 오늘 제주에 도착해서 바로 갔는데 보말 국수 맛이 별로더라구요. 언니 말이 3년 전에 먹은 맛과 너무 다르고 김치가 그때 정말 맛있었는데 이번에는 맛이 별롱라고 맛이 변했다고 하더라구요. 저는 너무 기대를 하고 갔는데 돈이 좀 아깝다는 생각이드네요 또 기분이 나빴던 것은 우리보다 뒤에 온 팀에게 우리가 시킨 보말 국수를 주어서 2 인분만 제대로 받고 다른 2인분은 기다려서 먹었네요. 보통 미국 같음 이럴 경우 서비스로 음식을 더 추가해 주거난 매니저가 와서 사과하고 돈을 안 받거든요. 파전이 그래도 나름 괜챦아 별 두개 주었습니다 추천은 못하겠네요 | 2022.09.17.: 너무 바쁘셔서 그런지 좀 아쉽습니다. 예약이 안된다고 하는데 단체는 예약이 됩니다.  개인은 안되구요.생물인 재료에 따라 맛이 조금씩 변하는건 이해를 하겠는데 한치비빔국수의 한치가 얼어있는 상태로 그대로 나오네요. 먹고 배탈나서 고생 좀 했습니다. 갈때마다 아쉬움을 느끼게 하는곳이라 아쉽네요. | 2022.08.11.: 성게, 보말 칼국수 둘 다 맛있음. 성게가 국물이 더 진하고, 보말은 구수함. 점심 때 가면 대기할 가능성 많음. | 2022.07.19.:  | 2022.07.08.:  | 2022.07.03.: 맛있어요 | 2022.06.09.:  | 2022.05.27.:  | 2022.05.01.: 공깃밥을 팔아주세요.아주 진한데 맑은맛(?)뭔지 모르겠는데 진한데 맑다. 먹어보면 알게됨. | 2022.04.20.: 사람이 많다고 단체 여행객 뒤로 홀로 여행자 소홀해요. | 2022.03.27.: 맑은 국물의 칼국수만 먹어봤었는데, 여기는 맑은 국물이 아니면서 독특하네요~성게도 많이 들어있고,파전도 맛있고 비빔국수에 한치도 적지않게 넣어주세요. | 2022.03.23.: 보말 칼국수 단연 최고의 맛제주도에서 이집것 먼저 먹으면 다른집건  맛을 못느껴 후회할 정도의 맛 | 2022.02.23.:  | 2022.02.19.: 추운 날 손님 대기공간에 기본적인 보온은 해놔야죠. 넘 추워서 식당 안쪽으로 들어가 있으려니 바로 쫓아내네요. 고압적으로 지시하기전에 대기손님들이 왜 자꾸 매장 안으로 들어오려하는지 생각 한번 해보세요. 20분 대기하고 주문했는데, 주문 실수인지 순서 착오인지 30분 넘게 좌식탁자에 쭈그리고 앉아 쥐나기 일보직전인데, 저보다 늦게온 팀들 음식이 착착 나오고 있네요.  맛있다는 글 믿고 멀리서 찾아왔는데, 1시간을 기다리고도 다른분들 밥먹는거 구경만 하다가 화가나서 나오려는데, 뒤에서 직원분인지 사장님인지 서로 니가 착각했네,내가 헷갈렸네 투닥거리네요. 그야말로 어수선 끝판왕인 곳.  음식으로 돈 벌 생각만 하시지 말길 바랍니다. | 2022.02.14.: 국물이 진해요. 맛있습니다 | 2022.01.24.: 불친절해요. 음식주문하고 바로 하나를 다른걸로 바꿔달라고 하니 음식나오는 시간이 늦어져서 안된다고 거절. 음식이 애들입에 안 맞아서 안 먹길래 아까 바꾸려고 했던 음식 추가 되냐고 하니 바로 오케이. 황당했어요. 들깨칼국수는 전 맛있었는데 애들은 싫어했어요. 너무 진득해서 그런듯 한데 어른들은 좋아할거 같고요. 보말칼국수는 제주도 사는 지인이 추천해주신곳이 보말도 많고 더 맛있었고요. 파전은 다 잘 먹었고 한치비빔면은 쓴 맛이 나서 한젓가락씩 먹고 안먹었어요. 1/3도 안 먹었어요. | 2022.01.20.:  | 2022.01.09.: 바다를 먹는 기분이에요사장님마인드도 너무 좋구요 | 2022.01.09.: 한치비빔국수와 제주막걸리.. | 2021.11.24.: 건강해지는 맛 | 2021.11.20.: 맛있네요파전. 보말. 전복. 한치비빔 | 2021.11.10.:  | 2021.10.20.: 마누라가 제주도에서 제일 맛있었던 음식중 최고로 꼽네요.. 여행갔다와서 계속 보말..보말을 외칩니다 ㅎ | 2021.10.10.: 진한 국물인데 맛이 밍밍하고.. ㅜㅜ 싱겁고 좀 별로더라구요 줄서서 먹었는데 아쉽파전도 가격대비.. 일단 파전인데 파가너무없어요 ㅋㅋㅋ | 2021.10.03.: 2021.10.02 14시 좌석 90%메뉴 : 보말칼국수(1만)+들깨칼(0.8만)+파전(1.2만)파전이 바삭하고 맛있어요~보말칼국수는 국물이 진하고 괜찮은편.들깨칼국수는 좀 싱거웠는데 반찬으로 커버가능. | 2021.10.02.: 파전 한입 먹고 감동. 해물 진짜 실하고 끝부분은 바삭바삭. 게눈감추듯 순삭하고 이어져 나온 칼국수에도 감동. 보말, 전복성게 둘 다 정말 맛있었어요. 보말은 좀 더 시원한 맛이고 전복성게는 구수하고 깊은 맛이에요. 어른들 모시고 갔는데 대성공입니다. | 2021.08.04.: 보말칼국수 파전 리얼 맛집 | 2021.08.01.: 해물파전 빠삭하고 보말칼국수 국물이 진해요 해장된듯 | 2021.07.13.: 비빔국수도 너무 맛있고 전도 너무 맛있었어요! 묵무침도 맛있게 잘 먹었습니다! | 2021.07.11.: 맑은 국물 보말칼국수는 아님. 진한 느낌임.호불호가 갈릴것 같지만 자극적인 맛 싫어하는 나는 맛있게 먹음. 부모님데리고 가고싶은 맛 | 2021.07.10.: 맛있음 | 2021.07.01.: 맛있어요. 중문에서 먹었던거랑 다른맛. 훨씬 진한맛 | 2021.06.07.: 파전도 바삭하고 한치비빔국수도 신선하고 맛있어요 | 2021.05.14.: 음식은 간결하고 좋다. 단 나올때 그릇에 다 묻히고 나온다. ㅠㅠ 그리고 맛은 밀가루 냄새가 너무 난다고 해야하나. 보말 특유의 바다향이 거의 없다. 맹맛이다. 너무 싱겁다 김치, 양파 절임과 같이 먹으면 딱 좋다. 그래도 그냥 하나로 먹기엔 뭔가 부족하다. 국물은 걸죽한데 아마 가루를 푼 것 같다. | 2021.05.03.: 파전 바삭하고 고소했구요보말칼국수가 진짜 맛있었어요짜지않고 부드럽고 완전 싹싹 비움또 먹고싶어요 | 2021.04.24.: 별점이 유독 높다고 생각해용.. 저랑 지인들은 다 그닥이었습니다 파전은 기름기가 많아 튀겨진 느낌. 보말칼국수는 쓴맛이 너무 많이 났고 짠맛 단맛 뭐 이런 맛이 없는 무맛+쓴맛이었어요. 평점이 높아 기대했는데 저희만 입맛에 안맞았는지 그 날만 유독 그랬는지,, 암튼 솔직후기입니다! | 2021.04.18.: 진짜 진하고 국물이 보약이네요. 국물까지 싹싹 비웠어요. 제주도에서 맛집이라고 당당하게 추천할 수 있는 곳이네요. 한치비빔국수도 먹었는데 사실 그건 어디서든 먹을 수 있는 맛! 그래도 보말칼국수가 조금 물릴때 한입 먹어주면 느끼함이 싹 가시는 맛이예요. 추천! | 2021.04.14.: 보말칼국수 처음 먹어봐서원래 이런맛인진 모르겠지만 맛있었어요 약간 밍밍한 전복죽에 칼국수 면넣은 맛? 한치비빔국수도 맛있어요! 상상가능한 맛입니다웨이팅은 없었지만 계속해서 손님은 찾아옵니다맛있어요 | 2021.04.09.: 상춘재 가려다가 웨이팅이 너무 길어서 여기 왔는데 잘 온것 같아요보말칼국수+한치비빔국수 조합으로 드시는거 강추합니다~ 보말 약간 느끼해질 때 비빔국수로 입가심하고 좋아요밑반찬들도 입맛이 굉장히 깔끔해요 직접 만드시는 듯 | 2021.03.29.: 파가 어케 이렇게 달조 파전 바삭 고소 달짝 맛남. 인생파전!!! | 2021.03.08.: 음식맛이 다 좋아요.보말칼국수와성게전복칼국수는 조미료 없는  해물의 시원함과 진한 맛이 좋았고 멤ㄹ비빔국수는 개운해서 좋았어요.  파전은 기름이 많은 듯 하지만 바삭하고 푸짐한 해물에 절로 손이 가더군요.점심시간만 영업합니다.  3시까지. | 2021.02.17.: 조미료 없이 담백하게 끓여낸 맛이라 호불호는 좀 갈리는데 제 입엔 괜찮았어요 보말칼국수 전복성게칼국수 파전 세가지 먹었는데 파전은 바삭하지만 가격대비 해산물이 좀 아쉬웠고 칼국수도 살짝 비싼감이 있지만 산속이라 그러려니 했어요 오랜만에 갔더니 올랐더라고요 ㅜ | 2021.02.10.: 해물파전은 해물과 파는 적고 밀가루가 많아서 제 취향은 아니었지만 엄청 바삭바삭했구요 보말칼국수는 정말 맛있었어요 밑반찬들도 다 맛있었습니다 다음에 또 먹으러 오고싶어요 | 2021.02.03.: 보말칼국수 그리고 해물파전의 조합!제주가면 매번 찾아가요.가는 날이 휴업이라 못간 날 빼고는갈때마다 가려고 문 앞까지는 갔었던 그런 집! | 2020.11.08.: 파전하고 보말칼국수ㅠㅠ너무 맛있어요특히 파전 바삭하고 양파지올려먹으니최고! | 2020.10.29.: 파전 정말 바삭하고 칼국수도 정말 맛잇어요!! 추천 | 2020.09.16.: 걸쭉한 보말칼국수 한그릇.. 진짜 최고.. 흡사 죽먹은 느낌.. 든든하고 깨운한맛.. 테이블은 좀 끈적 | 2020.08.11.: 보말칼국수는 걸쭉하구 해물파전은 바삭바삭한데 진짜 맛있어요!!!! 이거 먹으러 오실만 합니다!!! 반창하세요~~ | 2020.05.19.: 맛 남 니 다 걸쭉한 보말의 맛 칼국수의 맛 지대로용 | 2020.03.29.: 집은 깔끔했으나 보통의 보말칼국수와는 다른 맛이에요. 야채죽 같은 느낌.한림칼국수와는 맛이 다릅니다. | 2020.03.06.: 갔는데 코로나때매 쉬어서 못먹..... ㅠㅠ | 2020.01.28.: 제주에서 먹은 칼국수 중에선 단연 일등. 인터넷에 취약한 노년층 단체 손님분이 많은 것으로 보아 정말 이름난 맛집이 아닌가 생각됩니다. | 2020.01.26.: 비자림에서 가까워서 좋고 보말 칼국수 정말 맛있었습니다 해물 부침개도 맛있어서 막걸리도 시키게 되더라구요~^^ | 2020.01.16.: 보말칼국수 국물이 진하고 맛있어요.밥말아 먹고 싶은데 공기밥 미취급이 아쉽네요~처음 접하는 아이들도 잘 먹었습니다.해물파전도 맛있습니다. | 2020.01.16.: 보말칼국수 국물이 진해서 좋아요",일치
카페을리,디저트카페,"월,화,수,목,금,일10:00 ~ 18:00","#감성카페, #디저트카페, #애견동반카페, 더보기",정보 없음,"WIFI, 주차",정보 없음,48,4.1점,"명:아메리카노, 가격: 5,000 | 명:카페라떼, 가격: 5,500 | 명:딸기라떼, 가격: 7,000 | 명:을리 요거트볼, 가격: 8,000 | 명:브라운 치즈 크로플, 가격: 12,000","2024.09.26.: 문 잠그고 화장실 이용중인데 열쇠로 문을 열어버리네요. 내가 여성 고객이었다면 여긴 아마 영업 못했을거에요. 아주 불쾌한 시간 잘 보내고 갑니다. 말로는 사과 하시는데 저는 사과 받을 생각이 없네요. | 2024.09.16.: 너무나 아름다운곳 | 2024.09.02.: 정원이 넘 예뻐요! | 2024.07.24.: 분위기 넘 좋아요! 음악이며 의자들도~ | 2024.07.23.: 맛과 분위기 모두 좋아요 다음에 제주도에 온다면 꼭 다시 올게요 | 2024.06.30.: 애견 동반이라고 하지를 말던지..아예 노키즈존으로 운영을 하던지..주인인지 직원인지 남자,여자분 꽤나 불친절하고...디저트는 그냥 쏘쏘...음료는 별로...일부러 찾아간 시간이 참 아까웠네요두번 다시 찾고 싶지 않은곳 | 2024.05.19.:  | 2024.05.01.: 여기는 나만 알고 싶은 곳,, 한적하고🍃 뷰가 정말 예뻐요..🩵 안에 피아노도 있고, 강아지도 함께 갈 수 있어서 좋았던 곳! 🐶 | 2024.04.19.: 강아지들 너무 귀엽구요음악도 너무 좋았어요 공간과 잘어울립니다뷰 너무 좋네요 더 가을에 야외에서 한적하게 즐기면 더 좋을것같아요 | 2024.02.27.:  | 2023.12.31.: 커피맛은 괜찮은 편이지만 나머지 음료는 쏘쏘. 방문할 때 비오는 날이라  바닥이 미끄러운 상태에서 젖은 걸레로 닦아서인지 사람들 넘어졌는데도 카페 주인분들이 괜찮냐는 말 한마디없이 보고만 있는것 보고 그냥 장사만 하는 집이라는 생각이었음. | 2023.12.25.: 눈 뷰도 너무 이쁘고 좋네요 🤍크리스마스이브라도 쿠키도 서비스로 주셨어요🍪🤎 | 2023.12.16.: 커피맛 애이드맛 분위기  너무 행복을 주네요 감사합니다 | 2023.10.09.: 한적하니 마음 편히30~40분정도 쉬었다 갑니다. 커피 맛 있고 좋아요 | 2023.07.19.:  | 2023.06.10.: 브라운치즈 크로플 너무 맛있게 먹었어요. | 2023.03.27.:  | 2022.11.23.: 저희가 갔을 땐 남자직원분께서 안내도 잘해주시고 해서 좋았습니다. 인테리어에 관심이 많은데 벽난로도 아늑하고 풍경도 좋았어요. | 2022.09.02.: 공룡 보고나서 비는 오고, 지치고 커피한잔이 간절해 찾다가 우연히 들어온 카페을리~~  전 숲속에 쉼터같고 너무 좋았습니다. 비가 밖에서 올때는 대략난감 이더니 안에서 보니 빗줄기가 거세어 질수록 더 운치있어 좋네요~사람맘이 이렇게 간사하네요. 좋은 추억 감사 드립니다. | 2022.08.08.: 제가 갔을땐 여자 분들 두분 계셨어요~ 친절까진 아니지만 불편한건 없었고, 좌석고 넓직하고 사람도 많이 없어서 좋았습니다!바로 앞 마당같은 곳도 있었는데 괜찮았어요! | 2022.07.28.: 여기 절대로 가지마세요!! 남자직원분인지 사장님인지 들어갔는데 인사도 안하시고 엄청 불친절해요. | 2022.07.16.: 진짜 평화롭고 한적하고... 카페 자체로 힐링 ㅎㅎ | 2022.06.24.: 아메리카노도 맛있고, 하귤에이드도 괜찮았어요.공간도 깨끗하고 예뻐서 제주 오면 또 들르고 싶어요. 다만, 다른 후기에도 있는것 같은데 남자 사장님이 카페 분위기에 맞춰 조금만 밝게 일하시면 좋지 않을까 하네요~ | 2022.05.04.: 깔끔한 한라산 뷰 | 2022.05.02.: 진짜 한적해서 좋음..특히 날 선선할때 밖에 앉아있으면 세상 참 여유로운 느낌?그리고 존맛탱이인 딸기라떼 드세요!!!무조건 | 2022.04.06.: 굿 | 2022.04.02.: 남자 주인인지 무표정에 뚱한 얼굴에  불친절하네요.  서비스업에 안맞는 타입인듯. 커피, 음료는 비싸기만 하구 양만 많은 편이고 맛은 없네요. 뭔 피아노 음악소리만 주구장창 나오는데 소음수준이고. 예전 가격표는 문입구에 왜 그대로 놓아두는지,,, | 2022.02.20.: 한라산뷰 최고 딸기라떼 맛있었어요 | 2022.02.12.: 우연히 들어갔는데 너무 예쁘고 커피도 맛나고빵도 맛나고 저렴하고 너무 좋았어요^^마당에서 보는 한라산뷰가 너무너무 예뻐요 | 2022.02.11.: 뷰가 좋으면 뭐해. 사장인지 직원인지 완전 불친절.제주도는 관광지라 한번 오고 안오는 손님이 많아서 그런지 하루벌어 하루사는 마인드 여행와서 기분나쁘네. 별 하나도 아깝다.. | 2021.11.22.: 중산간쪽 아늑하니 분위기있는곳 이예요.5~6월이나 눈왔을때 다시 와봐야겠어요^^재즈음악이 넘 좋았던곳! | 2021.10.14.: 나만 알고싶은 비밀장소 같은 카페. | 2021.08.26.: 음료의 맛은 엄청 좋은건 아니지만, 분위기와 뷰가 너무너무 좋아서 정말 기분이 업 되는 곳이에요 카페 내부 뿐 아니라 야외도 너무 이쁘고 날씨 좋을때 꼭 가보세요 | 2021.08.14.: Great coffee, amazing atmosphere, beautiful views and friendly service. Definitely worth a visit. | 2021.06.30.: 카멜리아 힐에서 내려오다가 들렀는데 뷰 맛집이에요 시원하고 조용해서 잘 쉬었습니다. 커피도 무난히 맛있습니다. 빵도 많았는데 먹어보지 못했어요. | 2021.05.22.: 아니 크로플 시켰는데 1인 1음료라고 엄청 강조하시고 그래서 딸기라떼랑 아아랑 크로플 3개 시켰어요근데 일단.... 딸기라떼를 만들어서 트레이에 올려주시는 게 아니고 트레이 위에서 청 넣으시고 우유 넣으시고... 쟁반으로 사용하셔서 1차 충격...크로플 받았는데 치즈 진심 평소먹는 거 반도 안되게 주셔서 좀 더 올려달라했더니 치즈 추가 없다고 하시네요.... 결국 주시긴 했는데 별로.....자리는 3명이상 와야 앉을 수 있네요 꼭 둘이서 오시지 마시고 셋 이상 오세요....!! | 2021.05.16.: 자연스러운 분위기도 좋고 피아노 음악도 좋고 커피맛도 좋고 크로플도 진짜 맛있어요 그리고 매장은물론 화장실도 깨끗하고 친절하시고.. 다 좋았어요^^ 멍멍이들도 귀여워용 | 2021.04.24.: 크로플, 음료, 뷰 | 2021.04.17.:  | 2021.04.11.:  | 2021.03.31.: 장소에 걸맞지 않은 비매너 남자직원 뿐땜에 공간이랑 음료에 집중을 못했네요. 사장님은 아니신거같은데...  뭐랄까.. 일하기싫은데 억지로 나와서 하는 느낌? 그걸 손님이 느끼게 해서 별루.. 주변 다른 손님들도 힐끗힐끗 하시던데..  다음에 왓을때는 제발 친절한 응대 기대합니다. 음료와 디저트는 맛잇어요...! | 2021.03.11.: 친절: 보통. 여자 분은 친절하세요맛: 에이드 아쉬워요 과일청을 같이 넣거나 해야할 거 같아요 그냥 사이다에 과일 맛 살짝 들어간 느낌공간: 최고. 제주도 오션뷰는 흔하고 공간도 거기서 거기에 오션뷰 덕이 크지만 이정도 괜찮은 공간의 카페는 제주에 거의 없다. 제주 서쪽에서 손에 꼽을 정도! (동쪽은 잘 몰라요ㅎㅎㅎ)음악: 가끔 재즈나 괜찮은 음악이 나오는데볼빨간사춘기, 멜로망스 같은 음악 나올 때 공간이랑 안 어울려서 너무 아쉽네요 | 2021.01.30.: 코로나때문에 사람들 북적이는 곳 가기도 애매했는데 여긴 좌석 간 공간도 넓어서 좋네요그리고 크로플 존맛.. ㄷㄷ | 2021.01.24.: 지금까지 먹었던 것은 크로플이 아니라 크로플 사료였구나....진짜 여기 크로플 제대로네요. 위에 브라운 치즈랑 바닐라 샤베트? 같은 거 올라가는데 거의 양 식사 수준. 진짜 카페 디저트 늘 양 쥐똥만큼 나와서 답답했는데 저 같은 잡식맨들은 양 많은 게 최고라 ㅋㅋㅋ라떼도 깔끔하게 맛있었어요. 무슨 원두인진 모르겠는데 스벅 같은 데보다 훨 나은 듯??그리고 한라산 뷰... 오집니다. 무조건 와서 보세용 | 2021.01.24.: 카페을리 브라운치즈 크로플 안먹어본 사람 없게 해주세요 ;;; 진짜 넘 맛있습니다 ..... 수제 유자차도 역대급 맛있었어요. 피아노와 벽난로, 귀여운 나무인형과 강아지가 있는 따뜻한 공간이었습니닷 | 2021.01.13.: 가오픈하자마자 다녀왔어요!!예전부터 눈여겨봤던 카페였는데 기대이상이네요 ㅠㅠ사장님도 너무 친절하시고 카페 안에 이쁜 포토존도 많아요!! 게다가 디저트랑 음료도 너무 저렴하네요ㅠㅠㅠ 오픈 기념으로 모든 음료 3000원 이벤트하던데 얼른 다녀오세요~! ☺️☺️ | 2021.01.13.: 창 밖으로 보이는 풍경이 이쁘고 카페 분위기가 아늑해서 정말 좋았음. 음료랑 디저트도 맛있고 사장님이 친절해서 좋았어요! | 2021.01.13.: 너무 예뻐요! 외관도 너무 이쁜데 안에 넘 인테리어가 따뜻하고 아름답네요. 곳곳이 포토존 ㅋㅋ카페 안에있는 난로가 완전 핫스팟일듯요... 불멍하다왔어요! 메뉴는 크로플이 짱맛!! 담에 갈때는 스콘을 먹어볼래요.",일치
호돌이식당,"해물,생선",매일09:00 ~ 16:00,정보 없음,"예약가능, 배달불가, 포장가능","WIFI없음, 동물출입금지, 주차, 휠체어사용없음, 놀이방시설 없음, 흡연실시설 없음",정보 없음,58,4.1점,"명:호돌이 물회세트, 가격: 20,000호돌이물회+보말죽 | 명:보말죽, 가격: 10,000 | 명:갈치조림 (대), 가격: 45,000 | 명:고등어조림 (대), 가격: 35,000 | 명:고등어조림 (중), 가격: 25,000 | 명:우럭조림 (대), 가격: 40,000 | 명:우럭조림 (중), 가격: 30,000 | 명:매운탕 (1인분), 가격: 10,000 | 명:회덮밥, 가격: 10,000 | 명:문어숙회, 가격: 20,000 | 명:한치물회, 가격: 12,000 | 명:전복물회, 가격: 15,000 | 명:해삼물회, 가격: 15,000 | 명:소라물회, 가격: 12,000 | 명:자리물회, 가격: 12,000 | 명:활어물회, 가격: 12,000 | 명:소라덮밥, 가격: 15,000 | 명:한치덮밥, 가격: 15,000 | 명:활어덮밥, 가격: 15,000 | 명:성게덮밥, 가격: 15,000","2024.09.11.: 물회+보말죽 세트가 2만원이라 사실 기대 안했어요자전거도 빌릴겸 가볍게 간식처럼 먹으려구 둘이서 세트하나 시켰는데 진짜로 먹자마자 너무 맛있는거예요,,, 진짜로 너무 맛있어 아니 가격을 떠나서 진짜 무슨 맛집 찾아간것보다 그냥 너무 맛있어요ㅠㅠ물회 너무 알차고 싱싱하고 양념 너무 마싯고 보말죽 진짜 진해요 싹싹 긁어먹었어요신랑이랑 여행내내 맛있었다고 계속 얘기했어요초천재맛이었습니다 또 먹고싶어서 제주도가면 먼저 생각날거같아요ㅠㅠ 잘먹었습니다 | 2024.06.08.: 일전에 맛있게 먹은 식당에서 재료소진으로 추천해서 오게 된 곳… 이 작은 섬 비양도에서 서로서로 소개해주는 이런 분위기 너무 좋다~ 뭍에서는 서로 경쟁하느라 그러지 못할 것 같은데… 소개 받은 곳도 역시나 맛있고 분위기도 좋았어요~ 비오는 날엔 파전과 막걸리 그냥 지나치면 아쉽쥬^^재방문 의사200퍼^^ | 2024.01.07.: 맛은 말해모해요 진짜...여기가 찐입니다.. 옛날인테리어도 너무 좋고 사장님이 넘 친절하셔서 기분이 넘 좋았어요 비앙도 가면 또 찾아갈꺼에요~^^ | 2023.12.07.: 파전 원탑. | 2023.10.14.: 한치물회랑 문어해물라면인데 물회는 생각한 맛이고, 라면 진짜 맛있어요!! | 2023.09.16.: 친절. 맛좋고. 인심좋고 | 2023.07.23.: 칼국수는 생각보다 간이 삼삼했어요!조금 더 깊은 맛이 났으면 좋겠는데 그 점이 좀 아쉬워요 !! 🥲 반찬 맛있습니당 ~ !  회덮밥도 무난해용😋 | 2023.05.19.: 현지에서 먹는 것 치고는 싱싱하지 않고 맛도 아쉽고 양도 적어요. 제주 시내랑 비교하면 0.7인분 정도. 가격대비 많이 아쉬워서 밥은 미리 드시고 가시는걸 추천드립니다 | 2022.09.14.: 비양도에서 평이 제일 좋아서 갔는데…..너무 맛이 없었어요ㅠ 주인 분이 바뀌셨나요?라면 칼국수 비빔밥 물회 시켰는데라면이 이렇게 될 수가 있나..? 싶을 정도로 경악스러웠어요. 회덮밥은 초장 맛으로 먹었는데요. 전체적으로 ???? 일행들 머리 위에 물음표가 지워지지 않는 의문스러운 맛이었습니다. 위생도 많이 아쉬웠지만 섬에서 먹는 밥이니 감수할 수 있다 해도 맛이 너무 없었습니다. 사장님은 굉장히 친절하셨는데 조금만 개선해 주시면 좋을 것 같아요 | 2022.08.14.:  | 2022.05.30.: 물회와 보말죽 주문.물회는 괜찮았는데보말죽은 밥알은 다 풀어지고 멀건 국물만 한가득...제주에서 먹은 보말죽 중에 최악.어제 남은것 물부어 데워준것 같은 느낌이었어요. ㅠㅠㅠ | 2022.05.17.: 비양도 걸어서, 자전거 투어 하고 돌아가는 뱃시간 충분하니 여기 꼭 들리세요. 인기맛집이니 투어 후 들리는게 좋아요. 사장님의 위트, 배려심 경험하고 가세요. | 2022.05.08.:  | 2022.04.30.: 지금 먹고 있는데요… 전 여기 한치물회 먹으러 다시 올겁니다. 후기 올리는데 사장님이 회 서비스 주셨습니다. 행복한 맛입니다. | 2022.02.04.: 기대없이 갔는데 친절하고 맛있고메뉴 어느 하나 맛없는 게 없었음메뉴도 빠르게 나오고비양도 가면 이곳 추천 !! | 2021.12.18.: 물회랑 보말죽이 찐… 여기 먹으러 다시 비양도 가고싶어요ㅠㅠ | 2021.11.05.: 섬에서 두시간 여유밖에 없어 배타고 가며 미리 전화해 도착후 바로 먹을 수있도록 죽 주문했고, 죽 먹고 연세있으신 부모님이랑 비양도 둘레길 한바퀴 돌으니 시간 딱 맞았어요.보말죽 가격이 좀 비싼가 싶은감은 있는데 그래도 육지에선 못먹어보는 음식이고, 사장님 친절하셔서 죽 모자라면 더 준다하시고 회도 맛보라 주시고 귤도 주시고 비양도 지도 있으신지 여쭤봤더니 꺼내주시며 간단한 설명도 들었네요. 여기서 밥먹으면 옆에 올레까페인가 10프로 할인도 된다고.. 가족이 하시는곳인지.. 암튼 만족했어요겨울이라 물회는 없겠지 싶어 묻지도 않고 죽이랑 파전 먹었는데 밑에 후기보니 겨울에도 물회하는지 물어나볼걸 후회되네요 | 2021.10.11.: 맛은 평이한데 파리가 너무 많아서 먹기 힘들었어요... 음식에 자꾸 앉아요 | 2021.08.18.: 매운탕2인분 2.4만원회덮밥 1.5만원모둠회 3만원 (민어 문어 소라 합쳐서 딱 한주먹 나옴)가성비 0점맛 4점오신다면 회덮밥이나 물회만 드시는게 좋을듯하네요 | 2021.08.14.:  | 2021.08.09.: 직원분이 친절하고 좋았습니다.보말칼국수는 좀 별론데 해물라면 정말 맛있었습니다 | 2021.08.04.: 호돌이 물회 라이브정말 맛있어요탁월한 선택 | 2021.04.11.: 칼국수 먹었는데 와 이건 아니죠면발에 찰기도 없고 뚝뚝 끊어져요. 마치 마트에서 사다쓰는 넙쩍면 스타일.국물도 많이 짭니다.동선 위치가 좋아서 그런지 손님은 제일 많아요 그런데 경치는 없는 식당입니다. | 2021.03.31.: 보말죽 맛있어요. 칼국수는 별로인듯... | 2021.03.28.:  | 2021.03.27.: 호돌이 식당에서 돌문어 숙회 맛있었어요반찬도 새콤달콤 해초무침 맛있게 먹었어요 | 2021.03.10.: 정말 맛있어요. 그리고 친절. 다만 섬 시골 식당이다 보니 테이블 좀 끈적거리고 이런 부분은 감안하셔야 함.. | 2021.02.13.: 비양도 다른 식당은 안 가봐서 모르겠지만보말죽, 해물비빔밥, 칼국수 그리고 해물라면까지정말 맛있었습니다. | 2021.02.11.: 친절하신 언니의 낭랑한 목소리가 귓가에 오래도록 남네요~  음식(뿔소라회,  보말죽,  칼국수)도 만족입니다~  신발벗고 방에 앉아 한라산소주와 계속 눌러 있고 싶었던곳 입니다~ | 2021.02.09.: 평점 조절용. 완전 맛있다는 아니고 맛있다 정도. | 2021.02.04.: 돌문어라면 먹을라고 주문했는데...돌문어가 아닌 낙지로 보이는게 들어갔어요뭐 낙지라면도 맛은 좋지요맛을떠나 기분은 좀 상했음 | 2020.12.01.: 혼자라 이것 저것 시킬 수 없어서 아쉬웠어요. 사장님 완전 친절하고 에너지 넘치시는 분이셔서 기분 좋게 먹고 왔어요. 담에 몰려가서 이것저것 먹어보고 싶네요. 화이팅 해주셔서 감사해요!!! | 2020.11.08.: 진짜 정신없는데 사장님 너무 친절하심... 이런 섬 식당은 보통 실망하는 경우 많은데 맛도 좋고 밑반찬도 최고!! | 2020.11.04.: 맛은 괜찮은데 죽이 시키자마자 나오네여 ㅋㅋ 밥알이랑 국물이 약간 따로 노는 게 밥으로 끓였거나 미리 끓여놓은 걸 데워만 준 것 같아요 | 2020.11.02.: 여긴 찐입니다. 섬이라고 식당 몇개 없다고 대충 파는 곳이 아니에요. 진짜 맛있네요 | 2020.10.12.: 보말죽, 칼국수 최고였습니다 | 2020.09.27.: 해물라면랑 보말죽 먹었는데  저는 보말죽이 더 맛있더라구요!! 반찬도 맛있었습니다!! ㅊㅊ~ | 2020.09.22.: 비양도 여러번가서 다른식당 이용했는데 여기랑 가족이라고 같은곳이라해서 (하던곳은 단체만받는다길래) 어쩔수없이 요리로왔는데 정말 너무 차이남. 양도 적고 죽도 해놓은거 떠다주는데 가격은 왜? 다식은죽에 물회랑 해물전인가? 시켰는데 양이 엄청 작음. 비양도도 이제 못가겠음. 왜케 야박한지. 멀 주고 먹으라해야지. 먹을게 없음. 정도 없음. 이렇게까지 후기 쓰고싶지않았지만 식당이 별로없어 선택의 폭이 좁다지만 너무 한다는 생각이듬. | 2020.08.23.: 반찬도 맛있고 보말 칼국수랑 고등어 조림 맛있어요! 나가실때 잊지말고 탐나쮸~~ 드셔보세요 ㅋㅋ | 2020.07.17.: 너무 맛있어요 물회랑 보말죽 서비스로 한치숙회도주셨어요 존맛탱탱탱 | 2020.06.04.: 보말죽  ! | 2020.05.06.: 보말죽 맛있어요 물회랑 같이 먹었어요~! | 2020.01.16.: 그나마 보말죽이 젤 나음. | 2020.01.12.: 비양도 선착장 바로 앞에있는데 보말죽 진짜 최고..!!!! 사장님도 넘나 친절하심!",일치
카페폴린,카페,"월,화,목,금,토,일11:00 ~ 22:00","#아침식사, #오션뷰카페, #이국적인, #카카오페이, 더보기",정보 없음,주차,정보 없음,33,4.5점,"명:에스프레소, 가격: 5,000 | 명:아메리카노, 가격: 5,000 | 명:카푸치노, 가격: 5,500 | 명:카페라떼, 가격: 5,500 | 명:바닐라라떼, 가격: 6,000 | 명:폴린스노우, 가격: 6,500 | 명:진심커피, 가격: 6,500 | 명:아포가토, 가격: 6,500 | 명:제주레몬, 가격: 6,000 | 명:대추차, 가격: 6,000 | 명:제주레몬 에이드, 가격: 6,500 | 명:말차라떼, 가격: 6,000 | 명:초코라떼, 가격: 6,000 | 명:딸기 요거트스무디, 가격: 6,500 | 명:블루베리 요거트스무디, 가격: 6,500 | 명:토마토주스, 가격: 5,000 | 명:수박주스, 가격: 6,000","2024.10.04.: 뷰 좋고 시설 좋고 주차장 있지만 커피 맛이랑 직원이 아쉬운 카페 | 2024.08.19.: 일단 뷰 맛집♡날 좋으면 더 좋고 비와도 비오는 풍경에 좋고~~ | 2024.08.04.: 물통에 곰팡이 있어서 1차 충격음료 주문 받을때, 가져다 줄때 한마디도 안함안녕하세요 조차 없고 사장인지는 뒤에서 팔짱끼고 폰하면서 쳐다봄(말 못하시는 분이면 죄송합니다..)극진한 대접이 아니고 그냥 사람맞이 정도는 해주세요^^ | 2024.07.23.: 여기는 주스 맛집임수박주스 토마토주스가 찐임 개존맛탱 | 2024.02.28.: 풍경이 다하는 곳이니.해가 떠서 바다가 보일때 이용하시길 추천. | 2023.10.05.: 라떼 맛있고 바닷가라 뷰도 인테리어도 멋져요 | 2023.09.30.: The Golden Kiwi cake and view were amazing! | 2023.07.22.: 뷰는 너무 좋음하지만 주변에 조금만 사람이 차면웅성웅성거리는 소리가 너무 큼공간이 소리가 울리는 것 같아요그리고 일하시는분들굉장히 영혼이 없으세요… | 2023.04.16.: 저녁 9시쯤 숙소 근처 가능한 카페 찾다가 왔습니다9시에 들어왔는데 커피 마감 아직 안하셔서 시킬 수 있었어요:) 저녁이라 뷰는 못봤어요ㅠㅠ 커피 맛있어요! 산미가 약간 있으면서 부드럽습니다.스콘도 속이 촉촉했습니다 | 2023.01.13.: 비오는날 종일 바다뷰보며 멍때리기 좋았어요 | 2022.12.29.: 음료수도 맛있고 뷰 맛집이네용 | 2022.10.07.: 뷰 좋은데 가격도 괜찮아요무엇보다 음료랑 디저트가 너무 맛있어요..ㅜㅜ | 2022.08.20.: 경치좋고 커피 맛있고 케잌도 맛있는데 커피머신 쪽에 먼지가 많았어요 ㅎㅎ 사장님 한번 청소 하셔야 할듯요! | 2022.07.12.: 뷰 맛집 커피맛집 디저트 맛집 어쩌라구 다 맛있으면 ㅜㅜ | 2022.05.24.: 뷰맛집딸기생크림케잌 존맛 >_< | 2022.03.11.:  | 2021.12.19.: 커피 맛이 좋아요  폴린 스노우가 참 맛있어요 | 2021.12.13.: 저녁시간에는  도민들만계심.  어두워서  잘모르겠어요, 바스크치즈케이크,커피 . 나쁘지 않은 맛 입니다. | 2021.11.28.: 뷰 좋고 커피랑 케익 맛있고 넘 힐링이에요 진작 알았음 더 자주 왔을텐데ㅠㅠㅠㅠㅠㅠ 이제 알아서 넘 슬프네요 담에 제주 오면 또 오고싶어요 | 2021.09.18.: 뷰 좋고 커피 좋아요~ | 2021.09.09.: 왈종미술관에서 바라본 카페폴린 | 2021.08.20.: 자몽에이드,단호박파운드케잌,아이스아메리카노다 완전 맛있고 뷰 완전 좋고 한가롭고덥고 지친 일정에 충전스팟으로 완벽쓰 | 2021.07.08.: 케익이 정말 맛나요 | 2021.03.01.: 날이 안좋을때갔지만 뷰가 엄청 좋아요! 디게 친절하신데,, 인사도 잘해주시고 주문도 잘받아주시고,, 후기가 안좋게 남겨졌네요디저트도 엄청 맛있고 제주물가에 비해 저렴적당한편이에요. 단호박파운드먹었는데 포슬팍팍촉촉 엄청 맛있어요!! | 2021.02.21.:  | 2021.01.06.: 분위기 좋아요~ | 2020.12.05.: 차도 싸고 경치도 좋아요! | 2020.10.22.: 경치가 끗내줘요~^^식탁이 너무이뻐서 찍엇다능,,, 키 | 2020.10.13.: 커피맛 좋아요^^디저트 맛나요^^뷰 멋져요 ~ | 2020.08.12.: 뷰 최고 | 2020.02.19.: ",일치
탐앤탐스아라점,탐앤탐스,매일10:00 ~ 22:00,"#카카오페이, 더보기",정보 없음,주차,정보 없음,13,3.3점,"명: 명:아이스 아메리카노, 가격: 정보 없음 | 명: 명:아이스 카페라떼, 가격: 정보 없음 | 명: 명:아이스 카라멜 마끼아또, 가격: 정보 없음 | 명: 명:흑당 버블티, 가격: 정보 없음 | 명: 명:아이스 헤이즐넛 라떼, 가격: 정보 없음 | 명: 명:아이스 바닐라 라떼, 가격: 정보 없음 | 명: 명:딸기 스무디, 가격: 정보 없음 | 명: 명:아이스 군고구마라떼, 가격: 정보 없음 | 명: 명:아이스 바닐라빈 라떼, 가격: 정보 없음 | 명: 명:망고 스무디, 가격: 정보 없음 | 명: 명:아이스 그린라떼, 가격: 정보 없음 | 명: 명:아이스 오리엔탈 라떼, 가격: 정보 없음 | 명: 명:아이스 꼰대라떼, 가격: 정보 없음 | 명: 명:아이스 카푸치노, 가격: 정보 없음 | 명: 명:당근 케익, 가격: 정보 없음 | 명: 명:쇼콜라 케익, 가격: 정보 없음 | 명: 명:그린티 케익, 가격: 정보 없음 | 명: 명:프로틴 도넛 바나나, 가격: 정보 없음 | 명: 명:얼그레이 마들렌, 가격: 정보 없음 | 명: 명:레몬 마들렌, 가격: 정보 없음 | 명: 명:딸기라떼, 가격: 정보 없음",2024.09.06.: 반년도 더 지난 홍보물 붙여놓고 드링킹자 품절된지가 언젠데 찾냐며 품절인지 미리 물어보고 주문해야햐는거 아니냐 고객 윽박지르고 화내는 남직원이 있네요 맨 앞에 홍보 붙어있는데도 고객이 직접 품절상품인지 일일히 확인하며 주문해야하는 곳입니다 가지마세요~ | 2024.04.19.: 무난하게 카공하러 가기 좋음 | 2024.02.11.: 주인이 엄청 깨끗하고 깔끔하게 관리하세요. 천장 높고 색감이 블랙 계열이라 눈 아픈 부모님이 편안해하세요. 주차장도 뒤에 넓음 | 2023.12.16.: 카페 사이즈에 비해 주차장이 넓어서 공간 부족했던 적이 없어서 좋습니다. 커피는 평범하네요. | 2023.08.29.:  | 2023.07.22.: 너뮤 친절해서 놀라버렸다 | 2023.04.13.:  | 2022.12.21.: 직원분 갈때마다 항상 친절해요 가까웠으면 자주 갔을텐데 ㅠㅠㅠㅠ | 2021.11.25.: 공간은 넓고 좋은데... 배치즈케이크 시켰는데 케이크가 얼어서 나옴 개황당... 케이크가 얼어서 나오는 카페는 난생 처음이네요 맛도 X... 고기도 아니고 해동시켜서 먹어야하는 케이크ㅋㅋ | 2021.08.20.:  | 2021.06.06.: ,불일치
금복촌,회,일요일,정보 없음,예약가능,주차시설 없음,정보 없음,64,4.8점,"명:모듬(2인), 가격: 80,000 | 명:참돔, 가격: 160,000 | 명:우럭, 가격: 140,000 | 명:갓돔, 가격: 변동 | 명:다금바리, 가격: 변동 | 명:모듬(소), 가격: 140,000 | 명:모듬(중), 가격: 160,000 | 명:모듬(대), 가격: 180,000 | 명:구문쟁이, 가격: 200,000 | 명:광어, 가격: 140,000","2024.09.12.: 진짜 아무도 몰랐으면 좋겠다....나만 알고 싶은 곳 정말 ㅠㅠ 맛+양+가격+친절+위생까지 만점인 유일한 식당예약 필수!!!! | 2024.08.04.: 양이 너무 많고 심지어 맛있고 친절하십니다!!주차가 조금 어렵고 예약하기 힘들지만 만족한 맛집이네요. | 2024.06.26.: 카운터에서 스끼 나올때마다 두렵다..저게 내 메뉴일까봐..악기바리급 메뉴구성인데하나하나 다 맛있어서 어느하나 포기하기 쉽지않다식사를 포기하고 포장하는 테이블 속출사장님 수련해서 다시 올게요 많이 남겨서 죄송합니다,,, | 2024.06.15.: 우와... 저는 회로 배부르게 맛있게대접받는기분 받으면서 먹은거 살면서 처음이예요쯔께다시ㅡ게장ㅡ회ㅡ스시ㅡ호박치즈ㅡ새우 고구마튀김ㅡ고등어구이ㅡ비빔면ㅡ알밥ㅡ지리탕...진짜..  최고의 코스였습니다저희 시아버지 배 부르셔서 다 못드신거 첨이예요무조건가세요예약필수☆☆☆☆☆☆ | 2024.06.05.: 가격대비 맛이 최곱니다제주도 회 먹을생각이면 여기 가세요양도 많고 굉장히 친절합니다인생맛집 | 2024.04.25.:  | 2024.04.08.: 정말 메뉴 다 맛있고 양도 많고 다 친절하시고 짱이에요. 감동 받고 갑니다. 사장님 제발 오래오래 장사해주세요! | 2024.03.27.: 직원분들도 엄청 친절하시고 맛도 양도 최고네요 제주 여행중에 먹을 수 있는 음식 중 탑인 것 같아요 ㅋㅋㅋㅋ | 2024.03.25.: 1년전보다 가짓수가 줄었네요..물가가 잘못이죠.. ㅠ | 2024.02.24.: 제발 또가고싶다 | 2023.11.03.:  | 2023.10.31.: 제주도와서 회 먹는다? 여기서 먹음 기본 이상은 함물론 시내에 흔한 골목길이라 관광객이 느낄 제주 분위기는 없음 로컬 맛집 | 2023.09.22.: 대박인 집임. | 2023.09.19.:  | 2023.08.09.: 회 두툼하고 맛납니다 음식 계속 나옴 소자 남자 둘이 먹고 배터짐 ㅋ 넘 친절하시고 잘 먹었습니다 | 2023.04.12.: 존마탱 | 2023.01.14.:  | 2022.12.28.: 가성비 완죤 대박이에요..소개 해 주신분께 감사하다고 인사 드렸어요. | 2022.10.22.: 푸짐하고 맛있어요. 예약 안하면 먹기 힘들어요. | 2022.10.04.: 코스요리라고 안써져있는데 계속 코스로 나옴맛이없는게 없음거를 타선이 없습니다해물 튀김 초밥 메인회 매운탕 등등배터지면 책임지세요^^ | 2022.09.14.: 아주 싹싹 먹었어요! | 2022.09.06.: 직접 찾아가면 자리가 없고,예약하려고 하면 예약 절대안됨.6번 시도했으나 실패. | 2022.08.30.: 여긴 말이 필요없음 5점 만점 10점 | 2022.08.29.: 여기 진짜 찐이에요...! 가성비 갑에 사장님 넘 친절하시고 맛도 정말 좋습니다🥰 4명이서 중 짜리 시켰는데 회도 두툼하고 양 많아서 배불렀답니다ㅜㅜ.. 무조건 여기 다시 올 거에요...💖 | 2022.08.06.:  | 2022.06.14.: 최고에요!!!! 간장게장이 너무너무 맛있고 회도 맛있어요!! 그리고 정말 친절하십니다…!!! 코스가 엄청 많이 나오는데 다 못먹고 나온게 너무 아쉬워요.. | 2022.06.02.: 와우,,여기는 진짜 찐 탱입니다.후기만 몇개 봐도 두껍게 나오는 거 알텐데 ㅎㅎ 얇은 거 원하시면 다른데 가시면 되는거고..정말 5점이 안 아깝습니다. 그냥 완전 슈퍼친절에, 회도 가성비가 좋은게 아니라 그냥 맛있어요. 게장 미쳤고 고구마튀김도 맛있어요. 매운탕이 조금 아쉽단 말이 있길래 지리시켰는데, 칼칼하게 고추 조금 넣어달라 부탁드렸더니 완전 깔끔하게 맛있었어요! 지리추천이요^^ 정말 잘 먹고 갑니다~! | 2022.04.20.: 진짜 사장님이 너무너무 친절하시고 나오는 코스마다 배 터지게 맛있어요다음에 꼭 또 올거에요 | 2022.04.12.: 찬양할 정도 절대 아님 회가 넘 두꺼워서 턱아프고 해산물도 비림..그냥 싼가격에 해산물로 배부르고 싶으면 갈듯후기 좋아서 엄청 기대했는데.....인기 왜많지배는 엄청 부름ㅋㅋㅋ | 2022.04.05.: 맛있게 잘 먹었습니다 | 2022.03.26.: 여기는 찐임 맛+양+친절육지에서 온 손님과 가도 불안하지 않은 곳가끔 제주식당은 육지 기준으로 보면 꽤나 불친절해서 서로 머쓱해질 때가 있기 때문쓸데없는 스키다시로 상만 채우는게 아니라 진짜 하나하나 다 맛있음 너무 배불러서 매운탕은 종종 패스할 정도사장님 건강하시고 많이 버시고 오래 영업해주세요! | 2022.02.21.:  | 2022.01.29.: 이거 다해서 2인 7만원,, 꼭 가세요!!! | 2021.12.13.:  | 2021.11.29.: 회야 싱싱하니 맛있고 밑반찬 끊임없이 나와서 돈값합니다 렬루,,, 지리탕 씨원해요 드세용ㅎㅎ | 2021.11.29.: 성인 4인 모듬회 중짜리 시켜서 다못먹고왔어요.코스요리처럼 끝도없이 계속 나와요ㅋㅋㅋㅋ회는 말할것도 없고 요리가 전부 맛, 가성비 최고..직원분도 친절의 끝입니다,, 짱짱!! | 2021.11.15.: 가성비도 가성비지만 여기 진짜 맛있어요! 그리고 무엇보다도 사장님은 아니신 거 같지만 홀서빙 해주시는 이모님이 메뉴 설명도 잘해주시고 정말 친절하세요! 반찬으로 나오는 간장게장도 넘 맛있고 별도로 구매도 가능해서 넘 좋아요  담에 또 방문하겠습니다! | 2021.10.30.: 다 맛있어요♡ | 2021.10.02.:  | 2021.09.24.: 나만 알고 싶은 맛집  사장님 친절, 맛에 심쿵 >< 가격에 또 한번 심~쿵 :) | 2021.09.03.: 꼭 오세요 제발 오세요 나만 알고싶은 맛집이에요진짜 사장님 엄청 친절하시고, 그리고 간장게장 꼭 사가세뇨..왜 5점밖에 못주는지 아쉽네요..5점 만점에 500점 주고싶어여ㅠㅠㅠ진짜 양 많고 싱싱하고 밑반찬 미쳤어요 배터져요 미쳤어요 제발 꼭 와서 돈쭐 내주러 오세요:-) | 2021.08.20.: 너무너무너무너무 만족스러운 식사시간이었습니다 사장님 너무... 친절하시고.. 음식은 진짜 맛있었구요.. 이제 끝이겠지..? 했는데 계속 음식이 나와요.. 그것도 다 퀄리티 높게요! 회, 튀김, 누룽지탕, 생선구이, 알밥, 스시... 진짜 미치는 줄 알았습니다  다시 올게요 !! | 2021.07.08.: 음식도 푸짐하고 맛도 있고 사당님 친절하세요 | 2021.06.26.: 너무 맛있고 사장님이 친절하셔서, 왜 현지맛집인지 알 것 같아여!!! | 2021.06.22.: 너무 너무 친절하시고 맛있어요 !!!!!!!!! | 2021.06.05.: 인생횟집입니다. 어떻게 이렇게 푸짐할수가 있나요??서비스도 최고입니다. | 2021.05.22.: 제주도민추천 | 2021.04.28.:  | 2021.04.26.: 이렇게 친절하고 맛있을수가 | 2021.02.23.: 금복촌 말이필요없습니다. 제주 방문시 항상 예약하고 가는곳 매운탕말고 지리탕드세요 지립니다 | 2020.11.22.: 완벽합니다. | 2020.11.17.: 맛집!! | 2020.11.13.:  | 2020.10.21.: 왜 별을 5개밖에 못 주죠...? | 2020.09.03.:  | 2020.07.24.: 제주도 횟집 중 여기가 최고육지에서 손님 오면 무조건 여기 데려갑니다. 하 또 먹고 싶다. | 2020.05.16.: 2인 7만원상으로 예약 안하고 가서 단호박찜은 못 먹었구요. 밑반찬, 모둠회, 튀김, 초밥, 어죽, 생선구이, 매운탕, 알밥, 서대회(?) 등 먹었습니다. 알차고 맛있는 저녁이었어요! 강추 ㅎㅎ | 2020.02.18.: 회 정말 싱싱하고 달아요 기본 반찬도 정말 간이 맞고 양도 정말 많아요 정말 잘 먹었습니다",일치
뚜레쥬르 중문점,뚜레쥬르,매일09:00 ~ 23:00,"#카카오페이, #제로페이, 더보기",정보 없음,정보 없음,정보 없음,10,4.1점,"명: 명:바삭 치즈 감자, 가격: 정보 없음 | 명: 명:바삭 연유 콘치즈, 가격: 정보 없음 | 명: 명:참치콘마요 브레드, 가격: 정보 없음 | 명: 명:뚜쥬맘 계란 토스트, 가격: 정보 없음 | 명: 명:트러플 소금버터롤, 가격: 정보 없음 | 명: 명:마롱크림롤, 가격: 정보 없음 | 명: 명:데일리 블루베리 베이글, 가격: 정보 없음 | 명: 명:데일리 월넛 베이글, 가격: 정보 없음 | 명: 명:클래식 딸기잼 맘모스, 가격: 정보 없음 | 명: 명:착한빵식 통밀식빵, 가격: 정보 없음 | 명: 명:패스트리에 빠진 에그푸딩, 가격: 정보 없음 | 명: 명:쫀득 고구마 호떡, 가격: 정보 없음 | 명: 명:바삭 몬테크리스토, 가격: 정보 없음 | 명: 명:아침엔 보리쌀롤, 가격: 정보 없음 | 명: 명:울퉁불퉁 왕 찰떡빵, 가격: 정보 없음 | 명: 명:소금버터롤, 가격: 정보 없음 | 명: 명:촉촉 쫄깃 탕종식빵, 가격: 정보 없음 | 명: 명:몽블랑의 정석, 가격: 정보 없음 | 명: 명:옥수수 범벅, 가격: 정보 없음 | 명: 명:사르르 고구마케이크 빵, 가격: 정보 없음","2024.05.20.: 개인적으로 밤빵을 좋아해서 샀는데, 맛이 특이해서 계속 먹어봤어요. 거의 다 먹고 나서야 특이했던 이유를 알았어요. 고구마빵이었네요~^^;; 맛은 있었지만... 아직도 고구마를 밤이라고 파는 곳이 있네요.다른 베이커리에서는 5천원에도 풍부한 밤을 쓰는 곳이 많은데, 밤으로 바꿔주시거나 고구마빵으로 이름을 바꾸시면 안될까요? | 2024.01.21.: 자주 이용하는 빵집 신선해서 | 2023.10.29.:  | 2022.11.04.: 알아서 먹고 꺼지라고말도 인사도 없네요카드도 알아서 꼽고 뽑고 | 2020.12.02.: 사장님 정말정말 친절하셔요!!! | 2020.06.18.: 사장님이 친절해용 | 2020.03.16.: 여기 사장님 친절하세요 | 2020.01.03.: 친절하시고 빵도 좋아요 자주 이용하게 되네요",일치
남원양꼬치,양꼬치,매일15:00 ~ 03:00,"#데이트코스, #친목모임, #혼밥, #회식장소, 더보기",정보 없음,정보 없음,정보 없음,12,2.8점,"명:양꼬치(10개), 가격: 12,000 | 명:매운양꼬치(10개), 가격: 13,000 | 명:소갈비살(10개), 가격: 16,000 | 명:향라새우, 가격: 18,000 | 명:가지볶음, 가격: 13,000",2024.06.08.: 사장 싸가지 없음 | 2023.02.12.:  | 2023.01.14.: 촤악 | 2022.10.27.: 맛있어요...최애 양꼬치집양꼬치 뿐만 아니라 꿔바로우랑 계란탕도 맛있어요사장님도 친절하세요 | 2022.03.11.: 양꼬치 맛집이에요! 양꼬치 땡길때는 항상 여기로~ | 2022.03.09.: 바쁜척은 엄청하고 서비스 별로임... | 2022.02.27.: 전체적으로…맛은 있는데 서비스나 가성비가.. | 2021.06.17.: 서비스는 괜찮은거 같은데 양꼬치가 뭔가 텁텁하고 금방 질려요. 처음 오픈했을때는 부드럽고 괜찮았는데... 사장님이 바뀌신거 같은데 맛도 변한거같네요 | 2020.10.18.: 중국분들이 영업하시는거같은데 위생이 왜이러죠? | 2020.10.18.: 양꼬치를 맨손으로 직원4분이서 꽂고 계시더라구요 ...ㅜ 양꼬치에 머리카락꼽혀있어서 먹다가 다 남기고나갔어요 | 2020.03.26.: 양고기 맛있어요. 온면 꿔바로우는 약간 실망했어요ㅠ,일치
